"id,voc,is_critical_floor,criticality_label,tone_label"
"2296.0,Tire Bubble issue,False,High,Neutral"
"2281.0,Gear shifting issue (Repeat Failure),False,High,Neutral"
"4402.0,""As per customer he visited at dealership for A/C issue, DQIR raised but part not delivered and issue still pending."",False,Medium,Frustrated"
"5794.0,Left rear TPM sensor required,False,Medium,Neutral"
"8977.0,Engine oil leakage issue,True,Critical,Neutral"
"1383.0,As per customer his vehicle Engine noise issue in engine bay and mechanical staff at dealership was told water body need to replace.,False,High,Neutral"
"618.0,As per customer his vehicle DRL issue.,False,Medium,Neutral"
"5412.0,""ENGINE NOISE ,"",True,Critical,Neutral"
"1889.0,(VOR) Low Engine Power,True,Critical,Neutral"
"525.0,Asking about vehicle delivery status tentative month March,False,Low,Neutral"
"1356.0,Asking for Compensation late delivery,False,Low,Frustrated"
"9121.0,Customer is waiting since 20 days for the pressure switch.,False,Medium,Frustrated"
"424.0,""WIRE ISSUE FROM THE DAY ONE OF VEHICLE DELIVERY. The Customer said that he has been facing the problem for last 8 to 9 months and the head office team had also diagnosed the problem, but they did not pay attention to his vehicle concern. In addition, he told many times to dealership, but no one take any step forward for the issue."",True,Critical,Angry"
"4254.0,Clutch trouble issue,True,Critical,Neutral"
"25.0,""The front windscreen was replaced by your team in May after the hailstorm in Islamabad, but the rainwater sensor gel wasn’t installed properly during the process"",False,Medium,Neutral"
"6169.0,""WHEN I WAS BOOKING THE CAR(OSHAN) , THERE WAS A PPM PROMO ON THE OSHAN VEHICLE .  NOW I DID A SECOND CHECK UP OF MY VEHICLE FOR WHICH I PAID THE PARTS PAYMENT."",False,Low,Frustrated"
"31.0,""please note as the delivery vehicle of Deepal S07 vide C # LS6C3E167RF608864 , So the customer is very annoyed,"
"and he is demanding Spare Remote and V2L charger for his vehicle"",False,Low,Angry"
"9207.0,""I recently had the 35,000 km service completed at your dealership. Since then, the vehicle has been experiencing bubbling, along with a persistent engine check light."",False,High,Frustrated"
"1822.0,Engine oil mixed with coolant,True,Critical,Neutral"
"8300.0,""I purchased a 2022 Changan Alsvin on 10 February 2025, and as per records, the previous owner had the radiator replaced at 66,971 km. At the time of purchase, the vehicle’s meter had been reversed and showed 18,000 km. After driving the vehicle for only 7,000 km, the radiator leaked again within one year of replacement. Although my issue has been resolved after paying in cash, I request a clear justification as to why a critical part failed again within such a short mileage and time, as this indicates a possible quality issue. I also request compensation for the expense incurred due to this premature failure."",False,High,Frustrated"
"8656.0,CHECK PARKING BRAKE NOISE,False,High,Neutral"
"7689.0,""“The parts have been pending for several days, and the customer has been waiting for a long time for the parts against CN #25237463.”"",False,Medium,Frustrated"
"3448.0,Engine is also vibrating due to left hand side suspension rubber is broken.,False,High,Neutral"
"6655.0,FOC ACCESSORIES  NOT RECEIVE BY CUSTOMER FROM LAST 3 MONTHS,False,Low,Frustrated"
"9608.0,customer purchase car from sukkar and now issue coming in ac ..,False,Medium,Neutral"
"612.0,""As per customer last time already complaint against A/C cooling issue, but service staff full the gas, now its summer season and again it's not working properly."",False,Medium,Frustrated"
"5864.0,""Complementary Accessories (only on 5 seats X7 Future Sense) worth Rs. 80,000/- mentioned below: o Side Pedal o Welcome Door Pad Set Steel (4pcs) o Welcome Lamp Set (2 Pcs) o Sun Shades Black Magnetic (7pcs) o Window Visors Set (6pcs)"",False,Low,Neutral"
"5528.0,KNOCKING AND MISSING ISSUES WHILE DRIVING ON THE UPSIDE BRIDGE.,False,High,Neutral"
"4033.0,DELIVERY MONTH IS JANUARY AND TODAY IS 08 FEB BUT AS PER SALES TEAM VEHICLE IS NOT IN PRODUCTION,False,Low,Frustrated"
"8158.0,""My vehicle was expected to be delivered in March, but with April now underway, there has been no communication so far. I would appreciate an update regarding the delivery timeline. Thank you."",False,Low,Calm"
"9138.0,""The customer is facing a bubbling issue. The vehicle was inspected at the dealership, but the problem has not been resolved, and no positive response has been received yet."",False,High,Frustrated"
"472.0,As per customer his vehicle alignment issue not resolve by City sales and he wants to go Rahim Yar Khan dealership for wheel alignment and balancing issue.,False,Medium,Frustrated"
"969.0,""As per customer his vehicle A/C is not working due to coil issue, dealership already inspected the vehicle and waiting for parts."",False,Medium,Neutral"
"2938.0,Fuel Consumption high 2 times visit the dealership but not resolve the issue,False,Medium,Frustrated"
"1575.0,As per customer his vehicle headlamp density is low,False,Medium,Neutral"
"6389.0,""As per the customer, the shocks on their car are very hard"",False,Medium,Neutral"
"1738.0,DRL Light Bulb fuse issue,False,Medium,Neutral"
"8341.0,""Please note that I had paid complete charges for Deepal S05. the car was supposed to be delivered to me in month of April."
"LATE DELIVERY (APRIL TENTATIVE MONTH)"",False,Low,Frustrated"
"255.0,""Asking about vehicle delivery status, tentative month Jan 2024"",False,Low,Neutral"
"4819.0,""There comes some minor marks on the dashboard during the work done, i want to change the vehicle."",False,Low,Frustrated"
"8112.0,""The delivery of Deepal S05 remains pending. My delivery month was Feb 26, but my vehicle is still untagged. We have already been in Karachi for one month for the vehicle delivery as per the company’s intimation but still waiting for the vehicle. In light of this delay, I request that the company facilitate me by issuing compensation cheques for the delayed vehicle delivery."",False,Low,Frustrated"
"1301.0,Oil mixed with coolant,True,Critical,Neutral"
"7683.0,abnormal noise in engine side and my vehicle stop. I saw a engine oil is leak and vehicle is not start.,True,Critical,Neutral"
"4651.0,""The customer requested paint work only on the front bumper, but the entire car was painted instead. Additionally, the car was returned in a very dirty condition."",False,Low,Frustrated"
"1297.0,""Gear Oil mixed with coolant ( 1001543, BBJ-979 )"",True,Critical,Neutral"
"331.0,Steering make noise on turning,False,High,Neutral"
"6765.0,Accessories not rcvd as per the commitment. and sales invoice,False,Low,Frustrated"
"8202.0,AS PER CUSTOMER VOC CUSTOMER BOOKED THEIR VEHICLE UNDER 2YEAR FREE SERVICES BUT VEHICLE NOT TAGGED IN PPM MODULE.,False,Low,Frustrated"
"7760.0,""Spots appeared after I got my car delivered which I did not notice while taking delivery as it was not properly cleaned."
"Electronic seat adjustment feature is available as per owner's manual page 9. It is not available in my car."
"If front passenger is not wearing seat belt then as per ADAS features it should turn beeping sound ON as per owner's manual page 11. It is not available in my car."",False,Medium,Frustrated"
"7436.0,Abnormal noise coming from engine.,False,High,Neutral"
"1317.0,Car on dealership (Vehicle starting issue),True,Critical,Neutral"
"5842.0,Little noise hearing from Gear like (TUK).,False,Medium,Neutral"
"5372.0,""While I was driving home in the evening via Shahrah-e-Faisal, I suddenly heard a loud noise coming from the roof of the vehicle. Startled and slightly concerned, I immediately pulled over and performed a walk-around inspection but couldn't identify anything unusual at first. However, a passerby signaled me to check the roof. Upon closer inspection, I noticed that the sunroof glass was damaged."",False,High,Neutral"
"947.0,brake oil bottle top cap is missing since December 2024.,False,High,Neutral"
"5937.0,The customer found a High Fuel consumption issue. Vehicle gives 7.4 average in a litre.,False,Medium,Neutral"
"5967.0,""The customer is a regular at Changan Auto Stallion and had his car serviced there. His last visit was on April 4. Due to an emergency, the engine oil finished while he was on the road, and he was forced to get an oil change from a local shop. Now, the company is denying him the warranty on the grounds that he had the work done outside."
""
"The customer is requesting that his case be accepted and that he be given the warranty. He emphasizes that he is a regular customer of the company and is asking for cooperation in this matter."",False,Low,Calm"
"5161.0,The dealership has failed to fulfill their commitment and has not provided all the promised accessories.,False,Low,Frustrated"
"8280.0,Dashboard noise,False,Medium,Neutral"
"6990.0,R/R LAMP ASSY,False,Medium,Neutral"
"447.0,As per customer vehicle TPS sensor damage while vehicle servicing / maintenance at dealership.,False,Medium,Frustrated"
"8425.0,customer said power window is not working also a noise is coming from trunk side,False,Medium,Neutral"
"4472.0,Tire troubles,False,High,Neutral"
"2726.0,""The customer had the rear bumper repainted by the dealer, but after the repaint, there is a noticeable difference between the body paint and the bumper paint"",False,Low,Frustrated"
"5484.0,FUEL CONSUMPTION,False,Medium,Neutral"
"1112.0,Delayed Delivery,False,Low,Neutral"
"3878.0,Radiator Leakage Issue,True,Critical,Neutral"
"8188.0,""As per the customer, rust first appeared on the body in 2024. I visited the dealership, where they did a touch-up with a paint pen. After that, the issue occurred again, so I had PPF applied."",False,Low,Frustrated"
"9332.0,""The customer purchased a new vehicle, and it has not even completed 1000 km yet. Noise is coming from the dashboard/LCD area, due to which the customer is dissatisfied. We are coordinating with the customer and will resolve the issue as soon as possible."",False,Medium,Frustrated"
"7318.0,CUSTOMER COMPLAINS THAT DUST AVAILABLE IN INFOTAINMENT SCREEN.,False,Low,Neutral"
"2460.0,""Generator assembly, low voltage issue"",True,Critical,Neutral"
"576.0,door closing & air issue/ dashboard NOISE/ trunk door gap,False,Medium,Neutral"
"7902.0,VEHICLE NOT GETTING START,True,Critical,Neutral"
"669.0,As per customer his vehicle shifting issue not resolved.,False,High,Frustrated"
"5310.0,clock time issue,False,Low,Neutral"
"6519.0,THE REAR SEAT RELEASE LEVER IS BROKEN,False,Medium,Neutral"
"9092.0,RIGHT SIDE MIRROR REQUIRED,False,Medium,Neutral"
"6373.0,""The customer has recently purchased a new vehicle, which has been driven for a total of 6,000 kilometers. Despite being a new car, the customer is experiencing several issues. The vehicle feels underpowered, and there is a noticeable knocking issue. Additionally, the car starts to vibrate when driven at speeds above 120 km/h. The customer is concerned about these problems occurring so early in the vehicle's life and is requesting a thorough inspection and resolution."",False,High,Frustrated"
"39.0,""AOA,"
""
"I would like inform you the experience of my vehicle delivery receipt from your dealership."
""
"1) Key of Vehicle:  The Vehicle key was in pathetic condition - its seems somebody repair that one and multiple scratches on it as well."
"2) Warranty Book: I have received the vehicle delivery without warranty and its really new to me."
"3) Seat Cover's: I haven't received the seat cover's which show's the feel of new vehicle."
""
"As per your dealership team Deepal is very premium brand of your and that's my experience which i had shared with you."
""
"i am looking forward to you resolve these issue promptly."",False,Low,Frustrated"
"8156.0,Front Left  Side,False,Low,Neutral"
"9369.0,""The customer visited the dealership and reported that while driving on the Islamabad Motorway, the vehicle’s shroud fan stopped operating, causing the engine"
"temperature to rise"",False,High,Neutral"
"500.0,Engine issue (While driving engine knocking),False,High,Neutral"
"1947.0,Headlight density is low,False,High,Neutral"
"4392.0,Abnormal Noise from Gear Box,True,Critical,Neutral"
"8046.0,""As per my previous visits, the dealership has inspected my vehicle three times; however, the issue remains unresolved. Upon my request, the matter was escalated and a mechanic engineer from the Head Office was sent to investigate the problem. Unfortunately, despite this intervention, the issue is still persisting."
"I have also personally tested the vehicle on the highway, where it is delivering an average fuel consumption of only 11 km per liter, which is not acceptable. This problem is occurring continuously and has caused me significant inconvenience and dissatisfaction."
"I am extremely disappointed with the lack of resolution despite multiple inspections and escalations. I kindly request your urgent intervention to thoroughly investigate and permanently resolve this issue at the earliest possible time."
"I look forward to your prompt response and a satisfactory resolution."",False,High,Angry"
"580.0,Warranty certificate required,False,Low,Neutral"
"725.0,""shift gear from 1 to 3rd dear directly and 3rd to 5th gear directly, and Transmission light shown"",False,High,Neutral"
"7494.0,""The customer has visited the dealership multiple times. The vehicle has developed the same issue three times within 15 days. It does not start and requires a jump start. The dealership has checked both the battery and the alternator, but no issue has been found"",False,High,Frustrated"
"9180.0,""AC is not working, visiting 2nd time becouse issue could not resolve"",False,High,Frustrated"
"2720.0,Delayed Delivery,False,Low,Frustrated"
"9814.0,customer claim that we having problem in head light(dqrl),False,Medium,Neutral"
"346.0,ALL Doors noise issue,False,Medium,Neutral"
"6046.0,I NEED DUPLICATE INVOICE SINCE LONG BUT I AM FACING PROBLEM THAT MCML IS DEMANDING  EXCISE NO REGISTRATION CERTIFICATE BUT I WENT TO EXCISE THEY REFUSE TO OFFER SUCH CERTIFICATE PLEASE ISSUE AS I PROVIDED 15 CLEARANCE POLICE REPORT NEWS PAPER ADD (MULTIPLE ),False,Low,Frustrated"
"8531.0,Customer face jerk issue,False,High,Neutral"
"3.0,""After connecting the call via Bluetooth, the receiver couldn't hear my voice."",False,Medium,Neutral"
"9689.0,""Customer reported that the A/C cooling operates intermittently. Sometimes the A/C works normally, while at other times it does not provide any cooling."",False,Medium,Neutral"
"7332.0,""WAITING FOR DELIVERY"
"EAXACT AND REALISTIC DELIVERY TIME REQUIRED"",False,Low,Frustrated"
"5381.0,generator is not working,True,Critical,Neutral"
"5275.0,Abnormal noise coming from the passenger seat of the vehicle.,False,Medium,Neutral"
"8723.0,Engine Heatup,False,High,Neutral"
"4003.0,Rust was found on the rear inner side of the trunk. (A paint issue since the first day the vehicle was delivered),False,Low,Frustrated"
"5729.0,""Hello, I’m facing a serious issue with my car — it's an Alsvin and the headlight is not working. I’ve already reported this problem, and I’m quite frustrated now because it’s been a long time. The dealership told me they’ve placed the order, but there’s been no proper update."",False,High,Frustrated"
"6288.0,DRL NOT WORKING PROPERLY,False,Medium,Neutral"
"4856.0,Tire bending problem and tire create a problem while the driving.,False,High,Neutral"
"6316.0,""As per the customer, when the speed exceeds 50 km/h, a noise comes from the engine."",False,High,Neutral"
"6812.0,""According to the customer, the dealership does not have the proper tools, and a small part of my car was broken. They replaced the entire part, even though only the small part could have been replaced. I am not sure about the name of the part, but I will share a picture on WhatsApp."",False,Medium,Frustrated"
"8391.0,The vehicle’s brakes are not working at all.,False,Critical,Neutral"
"7608.0,""While driving at a normal speed of around 60–80 km/h on GT Road, the customer suddenly heard a “tuck” sound, after which the left-side door glass cracked. The customer has also provided an incident video as evidence."",False,High,Neutral"
"9249.0,Tire issue,False,High,Neutral"
"8607.0,""Back side of the driver’s seat is very hard, due to which I am experiencing severe back pain."",False,Medium,Frustrated"
"6660.0,""As per the customer, the dealership has ordered parts, but I have not been given the car for 1 month."",False,High,Frustrated"
"8992.0,""forced and blackmailed to give  rupees as a """"mithai"""" very bad experience at professional dealership"",False,High,Angry"
"8906.0,""The customer reported a fuel leakage issue.   The vehicle was inspected, and the concern was"
"verified. During inspection, fuel leakage was observed from injector number 3. 3. Inspection & Diagnostic Procedure: The engine bay was visually"
"inspected for signs of fuel leakage. The leakage source was traced and confirmed at injector no. 3. Surrounding components, including common rail"
"and fuel lines, were inspected for any signs of damage or leakage. No external hit, impact, or accidental damage was observed. Checked for any"
"signs of tampering or aftermarket alteration; none were found. Other injectors were inspected and found functioning normally with no leakage."",True,Critical,Neutral"
"9189.0,""According to the customer, when I start the vehicle in the morning, a whistling noise is heard. After about 30 minutes, the noise stops and does not occur for the rest of the day."",False,Medium,Neutral"
"5335.0,""Brakes producing a loud, high-pitched noise, Increased engine and acceleration noise, Additional noise from brake linings"",False,High,Neutral"
"6421.0,""In the month of May 2025, the customer heard a strange noise from the steering. At that time, the vehicle was under warranty. The customer visited our dealership and our technician fixed the problem under warranty. After that, in the month of August, the customer again visited. We opened a case and sent it to MCML, but the vehicle was out of warranty, because of which the case was rejected.                    Now the customer is insisting that my work be done under warranty."",False,Medium,Frustrated"
"9819.0,Customer vehicle AC compressor part is delayed from head office.,False,Medium,Neutral"
"1957.0,Engine mount issue,True,Critical,Neutral"
"9572.0,""My vehicle had a brake issue where the pedal pressed down with no braking. it was diagnosed it as a BMC fault. I approved and paid over Rs. 100,000 for BMC replacement. After replacement, the pedal became hard. Inspection shows the new BMC is fine, but the Booster that came with it is faulty. Since then from almost 1 month I’ve been driving with a hard pedal and have visited the dealership multiple times with no resolution. Brakes are a safety issue. I request urgent re-inspection and replacement of the faulty Booster at no additional cost, as the original repair remains unresolved. Please confirm your action plan and timeline."",False,Critical,Frustrated"
"5217.0,""customer submitted an amendment form on 6th May 2025 for a colour change, but the dealership did not submit the form. As a result, the vehicle was delivered in Gray colour, and the customer refused to accept it."",False,Medium,Frustrated"
"6429.0,The customer came to the dealership and said that his vehicle was not starting properly.,False,Critical,Neutral"
"677.0,Disc brake making noise,True,Critical,Neutral"
"400.0,Engine noise issue / Second time vehicle at dealership but issue still not resolved and dealership staff not cooperative and didn't received calls.,True,Critical,Frustrated"
"6565.0,Abnormal noise from the DCT ASSY,True,Critical,Neutral"
"3542.0,""As per the customer, your salesperson Arsalan told me that he would deliver my car on 28-Dec-2024. However, the customer mentioned that the slip provided to them has the date for January 2025. Arsalan assured me not to worry, as it is his responsibility to deliver the car. But now, Arsalan is not picking up the call."",False,Medium,Frustrated"
"1928.0,""customer said that you installed a battery dated 22-Feb-2023, and I received the car on 24-Aug-2023. Now the battery is dead"",True,Critical,Frustrated"
"4595.0,THE CUSTOMER WANTS HIS REFUND AMOUNT WITH ZERO DEDUCTION OF ADMINISTRATIVE CHARGES.,False,Medium,Frustrated"
"8854.0,""I booked my vehicle in November 2025, and the expected delivery was in January 2026. However, I have still not received my vehicle. I have been waiting for a long time, and this delay has become very difficult to bear.I am extremely disappointed with the service. Kindly prioritize my case and dispatch my vehicle at the earliest possible time."",False,Medium,Frustrated"
"5715.0,The customer has shared the documents to get the name corrected on the invoice,False,Low,Neutral"
"9665.0,My vehicle was delivered in Feb.I have recently noticed paint spots beneath the paint surface and the paint finish does not appear to be of acceptable quality.,False,Low,Frustrated"
"312.0,""A/C leakage from defrosting area, already informed to dealership and order for parts arranged but almost 2 months will complete but no parts available."",False,Medium,Frustrated"
"8732.0,""This customer had lodged a complaint on 12th December 2025 stating that there was some noise coming from the gear while shifting gears. The vehicle is a Toyota, and the complaint number was C-9007643."
"When we contacted the customer and called them for a visit, they were out of the country at that time. Today, they have come again with the same complaint, but now they say the issue has become more severe than before. They are now stating that they are facing difficulty while shifting gears."
"However, their complaint had already been received in the locker, and we had contacted them earlier, but they did not visit for inspection. Therefore, the complaint was closed due to no customer visit."",False,High,Neutral"
"1719.0,A/C not working properly,False,Medium,Neutral"
"3136.0,""As per customer, vehicle's tire got punctured within a week of delivery, and upon inspection at a puncture shop, existing patches were found on the tire."",False,High,Frustrated"
"787.0,""Asking about vehicle delivery status, Apr"",False,Low,Neutral"
"734.0,headlight density low,False,High,Neutral"
"4965.0,""A/C IS NOT WORKING, ALREADY INFORMED THE DEALERSHIP AND WAITING FOR HOSE CONDENSER PART"",False,Medium,Neutral"
"3259.0,Vehicle delay,False,Low,Neutral"
"8819.0,The customer came to the dealership and mentioned that he noticed an abnormal noise coming from the engine compartment. He also said that the vehicle takes a long self to start most of the time.,False,High,Neutral"
"4143.0,""BEARING NOISE ISSUE,"
"ACCORDING TO CUSTOMER THIS VOICE COMES ALL THE TIME EVEN IF THE PRESSURE IS LOW. AT THE TIME OF 5000 KM SERVICE CUSTOMER WAS TOLD THAT THE VOICE IS ORIGINATING DUE TO SOME OTHER PROBLEM, AND NOW IT IS SUDDENLY RELATED TO TIRES. AlLSO THE ALIGNMENT OF THE TIRE IS OUT."",False,High,Frustrated"
"8414.0,""I recently purchased a Deepal S05 from Auto Gujrat and have identified several quality issues that require immediate attention:"
"1-Missing paint on the bonnet, which is clearly visible under certain lighting conditions, especially in the evening."
"2-A noticeable gap in the front bumper near the right headlight, indicating poor fit and finish and raising concerns about water ingress during the rainy season."
"3-Visible paint touch-up work on the corners between the bonnet and bumper, covering an area of approximately two feet."
"4-Poor finishing around multiple sensors, with paint overlapping onto the sensors themselves."
"As these defects are unacceptable in a new vehicle, I request a proper inspection and a permanent resolution to all of the above issues."
"If these concerns are not addressed satisfactorily, I will be forced to escalate the matter through the appropriate legal and consumer protection channels and reserve the right to share my experience publicly."
"I look forward to your prompt response and resolution."",False,Medium,Angry"
"3098.0,noise issue from seat side,False,Medium,Neutral"
"899.0,Knocking at 1st gear and jerking while driving,False,High,Neutral"
"4839.0,HEAT UP ISSUE,True,Critical,Neutral"
"8433.0,UNDER BODY MUFFLER RUST ISSUE  (Customer demand to replace the part under warranty we already placed their DQIR/1020/000783-A/20  in may 2025 kindly check ),False,Medium,Frustrated"
"5199.0,""Leakage was found in the roof seal, and already informed to the dealership."",False,Medium,Neutral"
"9746.0,""The vehicle had broken down. At City Sales in Lahore, they said there was an issue with the fuel pump, and some wiring was also changed. However, the check engine light was still on. Now, the vehicle is being worked on at Yazdani Highway."",False,Critical,Neutral"
"7420.0,The customer has noticed a bubble in the tire since taking delivery of the new vehicle. Please have it checked and replaced by the company,False,High,Neutral"
"8290.0,my oshan x7 steering box assay is faulty and warranty is expired but as it is known fault of oshan please replace it under warranty,False,High,Frustrated"
"5705.0,Fuel back issue during refuelling,False,Medium,Neutral"
"2087.0,Head light density low,False,High,Neutral"
"9548.0,""The rear charger port wasn't working on the 1st day of delivery. When the driver took it to the dealership, they charged Rs. 500 to fix it, but the issue is still not resolved. T"",False,Medium,Frustrated"
"5523.0,""Fog light front"
"garnish"",False,Low,Neutral"
"4864.0,Fog on both DRL Light,False,Medium,Neutral"
"6711.0,HMI UPDATE,False,Low,Neutral"
"1284.0,Steering Rack Issue,False,High,Neutral"
"5401.0,RADIATOR ISSUE,True,Critical,Neutral"
"8064.0,WHY MY S05 DELIVERY IS LATE . ALTHOUGH THE TENTATIVE DELIVERY MONTH WAS FEBRUARY 2026 . NOW THE SALES TEAM IS NOT RESPOND ME AND NOT SHARED WITH ME THE S05 CHASSIS NUMBER.,False,Medium,Frustrated"
"73.0,""According to the customer, I did not receive the vehicle’s standard accessories."",False,Low,Neutral"
"1250.0,Headlights density issue,False,High,Neutral"
"6334.0,customer did not received his PPM vouchers yet,False,Low,Neutral"
"4448.0,""ENGINE MOUNT IS BROKEN AND WARRANTY HAS BEEN OVER"
"WHEN I PURCHASED ALSVIN AFTER SOME DAYS THE WARRANTY PERIOD EXTENDED"
"MY CAR WARRANTY IS THREE YEARS AND  OTHER CUSTOMER WARRANTY IS FIVE YEARS"
"PLEASE COMPENSATE THE CASE UNDER WARRANTY"",False,High,Frustrated"
"3553.0,THE TYRE IS INFLATED,False,Medium,Neutral"
"8099.0,""The front shock absorbers of my vehicle were previously replaced under warranty claim on April 26, 2024, at a mileage of 41,161 KM. My vehicle’s current mileage is 59,543 KM, meaning the car has only been driven 18,382 KM since the replacement."",False,Medium,Neutral"
"9537.0,""WIRING HARNESS, DASHBOARD+ SWITCH ASSY COMBINATION KAR(1.0)"",False,Medium,Neutral"
"7883.0,""The customer reported repeated visits for this concern, but a permanent solution regarding the suspension noise and missing issue has not been resolved so far."",False,High,Frustrated"
"9707.0,AC WAS NOT WORKING,False,Medium,Neutral"
"3101.0,""As per customer his vehicle Reverse Gear shifting issue, already informed to dealership but issue still not resolve."",False,High,Frustrated"
"4021.0,Vehicle heating issue vehicle on dealership from 8days,True,Critical,Frustrated"
"6661.0,excess amount refund pending,False,Medium,Neutral"
"7403.0,FR BUMPER UPPER GRILL ASSY,False,Low,Neutral"
"8865.0,""The customer reported that the TPMS sensor is not functioning properly. He expressed strong dissatisfaction regarding the rejection of his warranty claim. The customer questioned that if the company provides warranty coverage, why his case is not being entertained under warranty.Additionally, the customer stated that if the issue is not resolved, he intends to proceed with filing a case in the consumer court against the company due to this matter."",False,Medium,Angry"
"7265.0,""As per the customer, Sales Executive Kaleem has committed multiple discrepancies, including wrong color delivery, discount not provided, insurance file not shared, overcharging on registration amount, and withholding of invoice and registration documents."",False,Medium,Frustrated"
"8108.0,""According to the customer, Mr. Ghulam and Mr. Asif, a cashback of 50,000 was promised, but I have not received it yet. I have visited multiple times, yet I have not been given a proper response."",False,Medium,Frustrated"
"8261.0,CUSTOMER  VISIT DEALERSHIP AND INFORM THAT THEIR ARE ISSUES IN PAINT .. HAVING SPOTS IN PAINT SO  PLS. COMPLAIN LOCKED,False,Low,Neutral"
"8244.0,Booking No.:1024/900001344 Booking Date: 1/191/2026My vehicle has not been dispatched yet. Kindly provide an update on when it will be delivered,False,Low,Neutral"
"552.0,""Customer asking for Vehicle delivery status, tentative month was March 2024"",False,Medium,Neutral"
"4279.0,""Doors sensors and rubbers have already been adjusted and one door rubber had already been replaced from Lahore dealership Jail Road. After driving like few months, 5-6, these rubbers again start to loose"",False,Medium,Frustrated"
"7961.0,""Customer VOC: If you or your company could not provide delivery in January, then why was it said that the delivery would be made in January? In January, you said it would be delivered by the end of the month. Now it has been almost 10 days into February, and still there is no update about the delivery."",False,Medium,Frustrated"
"6415.0,""As per the customer, the delivered car has a dent on the backside. He is refusing to accept the car in this condition. He is demanding that either the car be replaced within 7 days, or he be given compensation of 200,000. If neither is possible, then he is requesting a full refund within 2 days."",False,High,Angry"
"4756.0,Throttle Bottle issue. Please find some possible way to resolve my complaint.,True,Critical,Calm"
"6809.0,Generator trouble,True,Critical,Neutral"
"7658.0,""Customer complains that i was going to an important work from home in my car. After about half a kilometer after leaving the house, my car made a loud noise from the engine side and my car stopped in the middle of the road. I got out of the car and saw that the engine oil of my car was falling on the ground."",False,Critical,Frustrated"
"5940.0,""The battery cover was missing from my car. This issue was highlighted by one of the dealership's own technicians. However, the dealer said that vehicle had been inspected by the company and therefore they are not accountable."",False,Low,Frustrated"
"9276.0,""The customer visited the Body & Paint department, but the work was not completed properly."",False,Medium,Frustrated"
"9196.0,""The customer had complained about the steering on March 28th and a PO no.871 was also generated against it, but we have not received the part yet. The customer is very hyper."",False,High,Angry"
"1862.0,Fuel issue.,False,Medium,Neutral"
"1547.0,As per customer his vehicle A/C not working and waiting for spare part evaporator assy.,False,Medium,Frustrated"
"2578.0,Bluetooth device not connected with the infotainment system,False,Low,Neutral"
"4621.0,""RPM UNSTABLE, AC ISSUE, JAIN LEAKAGE ISSUE, BACK LI8 ISSUE"",False,High,Neutral"
"7249.0,Gear oil and coolant mixing issue.,True,Critical,Neutral"
"2305.0,Vehicle Heat up Issue,True,Critical,Neutral"
"8403.0,""According to the customer, wind noise is coming from the driver's side door when the vehicle speed exceeds 70 km/h."",False,Low,Neutral"
"5270.0,""Logo of Alsvin vehicle got corroded which is an embarrassment for me, I hope its same for CHANGAN. I want CAPA( correct action& Preventive Action) and ask company to share QCA"",False,Low,Frustrated"
"6034.0,Abnormal noise coming from the bottom of the vehicle,False,Medium,Neutral"
"6702.0,""According to the customer, there is an issue with the adjustment of the front seats."",False,Low,Neutral"
"6557.0,Ac is not working properly from past 2 days.,False,Medium,Neutral"
"8615.0,CUSTOMER CAME FOR POLISHING AFTER BODY AND PAINT SERVICES . AFTER THE POLISHING HE DEMAND THE FULL WASH SERVICE . DUE TO LOAD ON WASH SECTION THE DELIVERY IS DELAYED . THE CUSTOMER IS VERY UNHAPPY .,False,Low,Frustrated"
"497.0,Engine Noise/Viberation,False,High,Neutral"
"859.0,""Asking for late delivery compensation amount and send to this ( Home Address : Chevron Lubricant Pakistan Faisalabad, Warehouse inside Miah House near paradise Valley Faisalabad)"",False,Medium,Neutral"
"3724.0,Warranty certificate required,False,Low,Neutral"
"9311.0,There is an issue with the AC switch,False,Medium,Neutral"
"4315.0,""Dear Changan Auto Pakistan,"
"My name is Dr. Bilal, son of Dr. Javed. I recently purchased an Oshan Comfort from Changan Auto Sharah-e-Faisal. My car has only been driven for 1200 km, Reg # BN-0117 and I have availed the first free service coupon."
"I would like to commend the dealership for their exceptional service, with a special delivery made on New Year’s. The dealership went above and beyond by accommodating me with free accessories and undercoating, which I truly appreciate."
"However, I would like to bring to your attention a couple of issues I am facing with my brand-new vehicle:"
"1.	Alignment Issue: From the very first day, I noticed an alignment problem. Despite the dealership’s support including configuring the steering wheel and performing alignment twice the car is still slightly pulling towards the right. This remains unresolved."
"2.	Radiator Leakage: I was shocked to witness coolant dripping from the car’s radiator. Upon taking the vehicle back to the dealership, they inspected the issue and recommended a  radiator replacement under warranty — an unexpected and concerning problem for a brand-new car."
"I was initially hesitant to purchase a Chinese-manufactured vehicle for approximately 9 million PKR. The primary reason I proceeded with this purchase was my trust and personal relationship with Mr. Khizer, the owner of Changan Auto Sharah-e-Faisal, who is my neighbor."
"Given these concerns, I request that these issues be reported to Changan Auto China for a more thorough investigation and resolution."
"I look forward to your support in ensuring my confidence in this investment remains intact."
""
"Thank you for your attention to this matter."
""
"Sincerely,"
"Dr. Bilal"
"0316-1149270"",True,Critical,Calm"
"8298.0,The customer booked his vehicle on 2025-12-03 and has still not received it. The salesperson is also not providing any proper response regarding the delivery timeline. The customer now wants a proper and confirmed timeline for the delivery of his vehicle.,False,Medium,Frustrated"
"7178.0,Generator trouble (Repeat issue),False,Medium,Neutral"
"8471.0,""I was informed that the tentative delivery of my vehicle would be in June. However, the vehicle has still not been delivered, and I have not received any update regarding its current status or expected delivery timeline. I request the company to provide a clear update on the vehicle's status and ensure delivery at the earliest."",False,Medium,Frustrated"
"9840.0,""Customer has raised concerns regarding his Changan Alsvin (Delivered in May 2025, Current Mileage: 12,000 KM) and is dissatisfied with the after-sales service experience at Changan Islamabad I-9. Customer reported multiple unresolved issues, including HVAC air leakage, loose air vents, gearbox shifting concern in 1st and 2nd gears, front passenger door alignment, and water found in the spare wheel area. Customer also highlighted concerns regarding maintenance service quality and requested maintenance vouchers along with a courtesy vehicle if the repair process requires extended time. Customer is seeking immediate resolution and management support for the reported concerns."
""
"Resolution of all reported issues, provision of maintenance vouchers, courtesy vehicle arrangement (if required), and a proper update from the dealership service team."",False,High,Frustrated"
"6219.0,""The following parts have not been received by the customer:"
"Console box, Parking brake lever, Roof lining, Trunk pillar (left & right), Hose inlet pipe, Wiper motor (complete), Engine oil shield, Windshield, Shower nozzle."",False,Medium,Neutral"
"1848.0,As per customer his vehicle A/C compressor nakka damage,False,Medium,Neutral"
"326.0,Engine Heating issue,False,High,Neutral"
"7461.0,""The customer visited the dealership and reported hearing an abnormal noise from the steering area. Upon inspection, we also identified an issue"
"with the steering rack. We dismantled the steering rack and found the Z-link boot in good condition, but there was noticeable looseness. We"
"collected evidence and performed a mash bush and rack bush test, which further confirmed a fault in the steering rack."",False,High,Neutral"
"8268.0,D-fogger is not functioning properly,False,Medium,Neutral"
"8700.0,driving side seat need to be replaced (ALSVIN BLACK EDITION),False,Medium,Neutral"
"1314.0,OIL AND WATER MIX IN RADIATOR,True,Critical,Neutral"
"5258.0,Heat up issue,True,Critical,Neutral"
"8530.0,""I arrived at the dealership at 11:00 AM today and waited until 3:00 PM. My vehicle had an alignment issue. Last time, I was charged Rs. 1,500, but the problem was not resolved."
""
"Today, despite waiting for several hours, no work was carried out on my vehicle. When I asked for an update, I was surprisingly asked what work needed to be done on my car."
""
"This experience has been very disappointing. I request you to kindly look into this matter and resolve my vehicle’s alignment issue on priority."",False,Medium,Angry"
"5920.0,Ac is not working (Repeat Failure),False,Medium,Frustrated"
"3859.0,left headlight right side mirror indicator,False,Medium,Neutral"
"9133.0,""My car was supposed to be delivered within one month, but it has been more than a month now. They are still not giving me any update about the status of my car."",False,Medium,Frustrated"
"9570.0,""As per the customer, there is some issue with the AC and dealership is not helping him, they called him three times but never helped him. Customer even mentioned the name of the person at dealership who is not helping him, his name is Malik Naveed"",False,Medium,Frustrated"
"1665.0,Headlight density issue,False,Medium,Neutral"
"1117.0,Deliver my vehicle as soon as possible otherwise i will take serious action.,False,Medium,Angry"
"5969.0,ENGINE OIL not available at dealership,False,Medium,Neutral"
"2828.0,Brake fail issue,True,Critical,Neutral"
"156.0,Delayed Delivery,False,Medium,Neutral"
"9111.0,Over heating issue,True,Critical,Neutral"
"3894.0,Engine mount and oil misxing issue.,True,Critical,Neutral"
"3413.0,FUEL TANK PIPE ISSUE,False,High,Neutral"
"6440.0,AIRBAG CONTROL UNIT ASSY F202,True,Critical,Neutral"
"6472.0,CUSTOMER COMPLAIN THAT HEAD LIGHT DIPPER switch NOT WORK PROPERLY.,False,Medium,Neutral"
"6929.0,""The vehicle was driven through water, and water entered in the vehicle. However, the dealership has not yet identified the root cause of how the water entered the vehicle."",False,High,Frustrated"
"1570.0,Vehicle makes noise from front left side dealership said that its a noise of fly wheel but fly wheel had been changed two times.,False,High,Frustrated"
"9752.0,""The Karvan is a 2024 model, but it came fitted with tires manufactured in 2022. One of the tires has already started losing its tread—it looks like a bald man whose wig is peeling off while driving on the motorway."",False,High,Frustrated"
"1157.0,Headlights density is low,False,Medium,Neutral"
"2916.0,""Paint issue in both bumper, complaint registered at dealership from 2k but still dealership didn't respond"",False,Medium,Frustrated"
"1773.0,AC COIL REQUIRED,False,Medium,Neutral"
"2248.0,Generator issue,True,Critical,Neutral"
"6639.0,Tire burst during driving,True,Critical,Neutral"
"8254.0,""he customer’s vehicle has a paint issue on the front left door. Additionally, the body paint on the driver side is peeling, and there are scratches on the upper side of the trunk."",False,Medium,Neutral"
"6952.0,Car is getting hard while driving and sometime its missing,False,High,Neutral"
"8283.0,""Dear Sir/Madam,"
""
"I am writing to formally register a complaint regarding the delayed delivery of my SO5 vehicle and the unprofessional behavior of dealership staff."
""
"My booking details are as follows:"
""
"Customer Name: Sheikh Mamoon ur Rehman"
"PBO Number: 1031/900001090"
"Booking Date: 12/12/2025"
"Promised Delivery: April 2026"
""
"On 26 March 2026, the dealership contacted me and requested immediate payment of the remaining balance of Rs. 8.3 million, assuring me that full payment would ensure delivery within April 2026. Trusting their commitment, I made the payment on the same day as requested."
""
"Today is 06 May 2026, and despite full payment, I have still not received my vehicle."
""
"What is even more disappointing is the conduct of dealership management and staff. Whenever I contacted them for updates:"
"•	I was told the GM was on leave."
"•	On another occasion, I was told he was sick."
"•	Many of my calls and messages were ignored."
"•	At one point, I was informed that he was busy with influencers and TikTokers instead of attending customers."
""
"As a fully paid customer, I find such treatment highly disappointing and below the standards expected from Master Changan Motors Limited."
""
"I respectfully request:"
"1.	Immediate clarification regarding the current status of my vehicle."
"2.	A confirmed delivery date in writing."
"3.	Investigation into the misconduct and negligence of dealership staff."
"4.	Appropriate corrective action to protect customer confidence."
""
"I expect your urgent intervention and a prompt resolution of this matter."
""
"Regards,"",False,High,Angry"
"4695.0,Required Duplicate Invoice,False,Low,Neutral"
"8374.0,AC is not working,False,Medium,Neutral"
"9507.0,The vehicle exhibited intermittent starting difficulty. Battery condition was checked and found,True,Critical,Neutral"
"4999.0,Gear shifting issue (Vehicle on dealership from 8 days),True,Critical,Frustrated"
"8196.0,Rust is observed on the lower side/underbody of the vehicle.,False,Low,Neutral"
"233.0,Coolant leakage issue,False,High,Neutral"
"8998.0,""Today I took delivery of the vehicle from Apollo Motors. However, I returned to the dealership after an hour as the AC was not functioning and there was an issue with the brakes"",False,Critical,Frustrated"
"3524.0,""Assembly ordered from Changan Islamabad dealership."
"Steering noise issue."",False,High,Neutral"
"3319.0,Customer buy a spare part on cash and still waiting for delivery (Engine Cover - 1092),False,Low,Frustrated"
"482.0,A/c not working vehicle is at dealership since 10 days,True,Critical,Frustrated"
"9614.0,""After the gear oil replacement, the technician inadvertently failed to properly secure the top lid/cap. As a result, gear oil leaked and splash from the vehicle, which may have caused potential damage to the gearbox"",False,High,Neutral"
"4211.0,HANDBRAKE COVER NEEDED,False,Low,Neutral"
"6933.0,Ac is not working,False,Medium,Neutral"
"2336.0,The upper layer of the straining leather is damaged,False,Low,Neutral"
"4945.0,""I purchased a Changan Alsvin MT (second owner) on 15-10-2024. The warranty booklet contains three dealership maintenance stamps from Bilal Changan.On 09-11-2024, I visited the same dealership for periodic maintenance and asked them to perform all necessary services to keep the warranty valid. They carried out general tuning, plug cleaning, brake pad service, etc. Regarding the coolant, I was clearly told it was in good condition and only a top-up was done. A few days later, the car developed a grinding noise from the water body. Upon inspection, the dealership logged a warranty claim, which was later rejected, citing untimely coolant replacement."
"As the second owner, I relied on existing dealership stamps and trusted the service team's guidance. I was not informed that the coolant needed replacement to maintain warranty coverage."
"I respectfully request that my claim for water body replacement be reconsidered, as the vehicle is still under warranty and I followed the service guidance provided."
"(I am attaching some proves, which shows that when I got that car and warranty book stamps of dealership for all timely maintenance)"
"Thank you for your time and understanding."
"Best regards,"
"Hassan Ahmed"
"( AlsvinMT AMK-946)"",False,High,Frustrated"
"2308.0,""customer wants to replace coolant in warranty,(He is not agree to change in cash)"",False,Low,Frustrated"
"3443.0,Rare wiper is not working and stopped in 1 place.,False,Medium,Neutral"
"8536.0,MY OSHAN X7 REAR SEAT RELEASE BUTTON DAMAGED UNDER NORMAL OPERATING CONDITION YOUR TECHNICAL TEAM DIAGNOSED PROPERLY AND SUBMIT THE REPORT . REPORT APPROVED BUT PARTS IS NOT ARRIVED  IN TWO MONTHS . NOW I WILL COMPLAINTS IN SOCIAL MEDIA AGAINST THE CASE,False,Medium,Angry"
"6877.0,The new vehicle in our stock has body sealing applied by hand; the customer expressed concern that such an expensive vehicle should not have this kind of workmanship.,False,Low,Frustrated"
"7477.0,The customer came to the dealership and said that he noticed an abnormal vibration in the vehicle,False,High,Neutral"
"7348.0,""I visited on August 27th for RHS noise check (steering and suspension noise) issue, evidence were taken, then again on 30th September, then again on 24th October, for evidence."",False,High,Frustrated"
"4409.0,Head light density low,False,Medium,Neutral"
"3988.0,""RR Door protector"
"RR  Door Ass RH"
"RR wheel eyebrow"
"FR door protector Ass"
"FR door Assy RH F202"",False,Medium,Neutral"
"301.0,Engine checklight issue,True,Critical,Neutral"
"8071.0,Delay delivery February,False,Medium,Neutral"
"2467.0,Cooling coil,False,Medium,Neutral"
"1376.0,Asking for late vehicle delivery status. May,False,Medium,Neutral"
"6484.0,""I didn't notice when or how the tyre bubble came, and then the tyre burst. As you can see, the mileage is very less, so please entertain this case."",True,Critical,Frustrated"
"6892.0,BACK BUMPER and trunk,False,Medium,Neutral"
"5550.0,""When the customer turns the vehicle to the right while driving, there is a noise from the steering."",False,High,Neutral"
"2384.0,Radiator issue,True,Critical,Neutral"
"5114.0,Steering Noise,False,High,Neutral"
"6499.0,""As per the customer, there is an abnormal noise coming from the sunroof."",False,Low,Neutral"
"9366.0,""The customer’s Oshan Comfort was scheduled for delivery on 15 May. However, when the customer visited the dealership, the vehicle was being washed in front of him and multiple scratches were observed on the body. The following day, the customer revisited the dealership after the vehicle had undergone compound polishing, but the scratches were still visible and not completely removed. Due to this issue, the customer refused to take delivery of the vehicle and is now demanding a white Oshan instead."",False,High,Angry"
"8412.0,Auto Dimming Mirror has visible black dots on it.,False,Low,Neutral"
"8499.0,""Customer states that an abnormal noise is heard from the steering box area. The noise is present while driving and also occurs when the vehicle is"
"stationary and the steering wheel is turned."",False,High,Neutral"
"1714.0,""AC not working, waiting for the part"",False,Medium,Neutral"
"1667.0,""documents required, dealership salesperson isn't responding."",False,Low,Frustrated"
"3767.0,Abnormal vibration i am facing and whole engine was shaking when i open the front bonnet,False,High,Frustrated"
"9232.0,CHECK LI8 SHOW ON CLUSTER METER (CATALYTIC CONVERTER ISSUE),False,High,Neutral"
"8731.0,Battery issue,False,Medium,Neutral"
"9316.0,My Car is Start Honking anytime while we are sitting in car (Non-Driving Mode) It was observered several times and now in every 10-15 days and reported to GUl MOtors however no fault was traced yet,False,Medium,Frustrated"
"6227.0,""As a customer, I had the front bumper, back bumper, and the doors on the right side painted on a cash basis. The work was not done properly, so I have not received the car yet."",False,Medium,Frustrated"
"7544.0,""First, there was a noise only in the fifth gear of the car, so we inspected the car. We were given a long time. Then your team came and inspected it. Now there is a noise in the second and third gears as well. The work is late from your side. So if there is any problem in the car, Changan company will be responsible for it."",False,High,Angry"
"6089.0,""Rashid Minhas regarding the noise issue with the passenger side door of his vehicle. Although he previously visited the dealership, he is still experiencing this problem. The dealership has requested him to visit Multan Motors, but the customer is neither interested nor willing to go there."",False,Medium,Frustrated"
"8672.0,MOUNT CUSHION ASSY RH   STRUT ASSY FR-RH B511(L3/L4/L5) /   STRUT ASSY FR-LH B511(L3/L4/L5),False,High,Neutral"
"706.0,""Delayed Delivery, March"",False,Medium,Neutral"
"9198.0,Customer complains that my vehicle not giving a good average.,False,Medium,Neutral"
"6643.0,Fuel Consumption issue,False,Medium,Neutral"
"9.0,Welcome box & the floor mats didn't receive yet.,False,Low,Neutral"
"8330.0,Vehicle Sudden Stop Due to Rear Wheel Locking and Electric Drive Motor Internal Failure,True,Critical,Neutral"
"6496.0,AC COMPRESSOR ABNORMAL SOUND,False,Medium,Neutral"
"8302.0,""As per the customer, increasing the volume causes distortion in the speaker, and the rear USB port is not functioning."",False,Low,Neutral"
"1727.0,Headlight Density Low,False,High,Neutral"
"381.0,As per customer his vehicle steering noise issue and suspension issue.,False,High,Neutral"
"8798.0,""The customer stated that the vehicle has only been driven 26,000 km and mentioned that similar issues (DCT OIL AND COOLANT MIXING) were reportedly common in 2022 and 2023 model vehicles. Therefore, the customer has requested that this repair be approved under warranty or goodwill."",False,High,Neutral"
"4031.0,""vehicle missing"
"On February 6, 2024, the customer visited City Sales, but unfortunately, the service team's inexperienced staff failed to properly inspect the vehicle and resolve the complaint. This matter was escalated to GM Ali Jawad, who apologized to the customer."",False,High,Frustrated"
"9386.0,vehicle delivered to dealership but there is paint and sketches issue,False,Medium,Neutral"
"9072.0,""Customer repeatedly contacted the Service Manager and Advisor but was told the part was not received. A complaint was raised on 31st March for the bumper; however, fewer units were received, and the available one was given to a VOR vehicle. The customer was not informed. Kindly dispatch the bumper for Oshan X7"",False,Medium,Frustrated"
"6563.0,Coustomer says that when i turn on the back wiper  of the vehicle it does not work.,False,Medium,Neutral"
"8011.0,""My Deepal S05 was booked for delivery on February 26. It is now March, and I still have not received my vehicle. Please register my complaint and arrange delivery of my car before Eid. Otherwise, I will proceed with cancellation even if I have to pay the cancellation fee, as I have doubts that my payment has been hold for the past 5 months. If the vehicle cannot be delivered before Eid, then please refund my full amount immediately."",False,High,Angry"
"3761.0,A/C poor cooling,False,Medium,Neutral"
"6968.0,""As per the customer, the tire manufacturing date is 2022, while the vehicle model is 2025. Both tires are damaged."",False,High,Frustrated"
"6347.0,""i visited the dealership for oshan x7 25000km periodic maintenance . after the maintenance i found abnormal highlight (checklight) in speed meter."
"i paid 11500 labor charges and the charges are high"",False,High,Frustrated"
"8606.0,""After a long wait, the driver’s seat was received, but it is incomplete. The heating and ventilation functions are not installed. Please resolve this issue promptly."",False,Medium,Frustrated"
"7972.0,Invoice not generated since 29-12-2025 and not received yet.,False,Low,Frustrated"
"9414.0,""customer has paid an amount of 4,690,980, while the invoice amount is 4,588,980. The customer is eligible for a refund of 102,000. Kindly get this verified from the team and process the refund to the customer accordingly"",False,Low,Neutral"
"7428.0,Sunroof in not working,False,Medium,Neutral"
"4521.0,My vehicle's heater coil got damaged and it is to be replaced in warranty. Coolant & gas also got leaked due to heater coil leakage and dealership is denying to provide in Warranty.,False,High,Frustrated"
"6545.0,""According to the customer, the generator has a knocking issue. They stated that they purchased the vehicle four months ago. Please process this issue as a warranty claim for me."",False,High,Frustrated"
"343.0,Radiator leakage issue,False,High,Neutral"
"530.0,Cooling fan required in warranty,True,Critical,Neutral"
"5264.0,Generator issue,True,Critical,Neutral"
"4026.0,Steering Rack Noise,False,High,Neutral"
"7804.0,customer is waiting for parts as he said that he will avail he service after recieving his part (Steering noise),False,High,Frustrated"
"1632.0,""L/S headlght dim and yellowish shade shown, its a non genuine part"",False,High,Frustrated"
"7750.0,SMELL ISSUE,False,Low,Neutral"
"8598.0,""As per the customer, I was told by Hashism that the vehicle would be delivered within 10 days, but the tentative delivery month is March."",False,Medium,Frustrated"
"1624.0,Delayed Delivery,False,Medium,Neutral"
"372.0,Engine noise issue,True,Critical,Neutral"
"8125.0,""As per the Provisional Booking Order (PBO), the tentative delivery month was set as February 2026. Despite making the full payment of PKR 10,198,980 via Pay Order on the booking date, I have not received any confirmation of delivery or updates regarding the delay."
"The sales department at Master Changan Bilal Automobiles is completely uncooperative and lacks any proper updates regarding customer queries. The sales team appears highly unprofessional and disengaged. In particular, the manager, Mamona Batool, also demonstrates the same attitude and behavior, showing little concern for customer service or communication."",False,High,Angry"
"2817.0,Rear side right Door speaker not working,False,Low,Neutral"
"9347.0,""The customer stated that while driving on the road, the AC works properly, but as soon as the vehicle stops on the road, the AC stops working."",False,Medium,Neutral"
"8133.0,The customer is requesting a second key.,False,Low,Neutral"
"3344.0,During the drive heat up gauge went up,True,Critical,Neutral"
"8337.0,Vehicle Delay,False,Medium,Neutral"
"9284.0,""The customer came to the dealership and stated that there is water inside the tail light of the vehicle. Upon inspection, we also found that water had entered the tail light."",False,Medium,Neutral"
"7442.0,driver seat making noise what's the reason why part are not received yet?,False,Medium,Frustrated"
"3599.0,Engine top cover,False,Low,Neutral"
"5349.0,""Steering rack noise on an un-paved road, due to pre-mature failure of steering rack"",False,High,Neutral"
"6885.0,The customer came to the dealership and said that he noticed an abnormal vibration in the vehicle.,False,High,Neutral"
"6501.0,VEHICLE STARTING ISSUE,False,High,Neutral"
"371.0,Headlights density is low,False,High,Neutral"
"1935.0,Gear shifting noise gear not shifting  at low RPM (VOR),True,Critical,Neutral"
"8407.0,""Customer hasnt gotten invoice yet, dealership told  him last week and informed him that it will be delivered in a day or two"",False,Low,Frustrated"
"9078.0,Engine light issue,False,High,Neutral"
"8510.0,""The customer complained about the unprofessional behavior of the showroom staff at Changan Motors Gujranwala during his visit. He stated that his queries were not handled properly and that he had to request drinking water multiple times before being served. The customer expressed that this experience reflected poor customer service and did not meet his expectations."
""
"The customer further mentioned that he inspected the Deepal S05 display vehicle at the showroom and noticed visible paint defects, including pinholes in the paint finish. When he raised this quality concern with the staff, he was dissatisfied with their response. According to the customer, the staff stated, “This is Pakistan. These small issues are normal because the vehicle is made here.” The customer found this response inappropriate and felt that the concern was not handled professionally."",False,Medium,Angry"
"9726.0,""The customer is reporting a transmission noise issue in the vehicle. The vehicle is out of warranty; however, the complaint has been registered upon the customer's insistence."",True,Critical,Neutral"
"8415.0,""As per the customer, dealership falsely committed the delivery month (June) while the actual month on the form was July . Customer is extremely frustrated about this false promise as he made all of his plans according to that promise"",False,Medium,Angry"
"3206.0,Late delivery compensation,False,Low,Neutral"
"1917.0,Engine check light is on on the instrument panel,False,High,Neutral"
"8045.0,Vehicle become heavier at change of gear place since its delayed by few second gear changing is occurring but slight timing is out at gear proper changing place due to which vehicle make noise first of extra speed that occurs due to delay in timing.,False,High,Frustrated"
"5072.0,The engine oil is decreasing.,True,Critical,Neutral"
"5076.0,Horn issue,False,Medium,Neutral"
"3466.0,""Repairing Concern part not available at the dealership, vehicle is at dealership since 1 month"",True,Critical,Frustrated"
"51.0,Upgrading Component Parts,False,Low,Neutral"
"2752.0,As per customer his vehicle Wheel alignment is not resolved by dealership,False,Medium,Frustrated"
"8363.0,Driving seat issue color fade,False,Low,Neutral"
"8419.0,""According to the customer, five days ago the vehicle showed 20% battery charge. Today, when he checked it, the battery charge was 0%, and the vehicle battery was dead."",True,Critical,Frustrated"
"5160.0,Z Link required,False,Low,Neutral"
"6338.0,Vibration Issue. I visited multan changan 4 times.But they not maintenance my ride..My whole days waste.,False,High,Angry"
"2299.0,Both Rear tires issue,True,Critical,Neutral"
"9363.0,lower bumper grill not available,False,Low,Neutral"
"1975.0,Head light density low,False,High,Neutral"
"3879.0,Both left side tire brust,True,Critical,Neutral"
"9476.0,""The customer complaint was verified during road testing, and abnormal noise was clearly traced to both front shock absorbers"",False,High,Neutral"
"3801.0,Engine-check light issue,False,High,Neutral"
"7773.0,Fuel Average issue on highway,False,Medium,Neutral"
"8382.0,Abnormal Noise was coming from engine compartment. The case was approved under warranty but the dealer ship is waiting for improved fly wheel but it has not been received yet.,False,High,Neutral"
"9489.0,Delay delivery MAY,False,Medium,Neutral"
"7734.0,HEATUP ISSUE - GEAR LEVER STUCK ISSUE - PETROL PIPE ISSUE,False,Critical,Neutral"
"4863.0,GEAR SHIFTTING ABNORMAL SOUND AND VEHICLE OVERHEAT ISSUE,True,Critical,Neutral"
"676.0,Headlights density issue,False,High,Neutral"
"3779.0,""Generator issue, car wont start again once its switched off. Same issue was resolved few months ago."",True,Critical,Frustrated"
"8495.0,The customer came to the dealership and mentioned that he noticed an abnormal noise coming from the gear side when his vehicle changes gears.,False,High,Neutral"
"9574.0,""Customer said he requested for the excess amount refund, its been a month no one contacted him regarding refund"",False,Low,Frustrated"
"7489.0,Steering Rack issue,True,Critical,Neutral"
"2676.0,Dashboard Troubles-Poor Assembly/Breakage/Loose Stitches,False,Medium,Neutral"
"8676.0,""My vehicle has only driven 3,700 km; after a visit to Murree a tire developed a cut, but the dealership rejected the claim as impact damage, which is very disappointing for a brand-new car."",False,Medium,Frustrated"
"4946.0,Multimedia Auto Restart,False,Medium,Neutral"
"1770.0,Transmission check light issue gear shifting issue (VOR),True,Critical,Frustrated"
"9696.0,""Customer paid PKR 8,274,000 through bank financing. However, at the time of invoicing, the vehicle price was revised and the final invoice amount was PKR 8,107,980. The remaining amount of PKR 167,020 is still pending for refund from Head Office. Customer is requesting the refund of the difference amount."",False,Low,Neutral"
"903.0,""Delayed Delivery, April"",False,Medium,Neutral"
"3587.0,RH side shocks noise issue,False,High,Neutral"
"1027.0,As per customer his vehicle A/C power switch is not working already complaint to the dealership and required spare part.,False,Medium,Frustrated"
"9002.0,Abnormal noise coming from the front left side of the engine.,False,High,Neutral"
"5341.0,VEHICLE STARTING ISSUE AND AC ISSUE,True,Critical,Neutral"
"8547.0,""It is very unfortunate that February is the delivery month, but still I have not received the vehicle. This is very poor performance by the dealership and the company."",False,Medium,Frustrated"
"4764.0,Headlight density low,False,High,Neutral"
"2034.0,Knocking issue,False,High,Neutral"
"2480.0,As per customer his vehicle gear noise issue found,True,Critical,Neutral"
"3793.0,part not receved from MCML yet (F/L side view mirror camera),False,Medium,Neutral"
"2987.0,Generator Issue,True,Critical,Neutral"
"3829.0,""The customer filled the fuel tank but the fuel sign not showing on the speedometer, it's showing empty."",False,Medium,Neutral"
"8389.0,The customer is on the road and the vehicle is off-road due to the battery dropping to 5%. The customer has no idea about the further process. The vehicle was delivered yesterday night. Details have been transferred to the relevant team for customer contact and guidance.,True,Critical,Frustrated"
"9555.0,Both door is required but it is not available in the part department.Customer is frustrated .,False,Medium,Frustrated"
"7967.0,delay DELIVERY,False,Medium,Neutral"
"249.0,""Right front shock leakage issue, part claim from dealership."",False,High,Neutral"
"8378.0,""The customer is stating that the vehicle does not have a spare wheel. However, we have already informed him that the Deepal S05 is not supplied with a spare tire from the manufacturer. Despite this explanation, the customer is insisting and demanding that a spare wheel be provided"",False,Low,Frustrated"
"4371.0,any update regarding fuel pump and tyre sheet,True,Critical,Neutral"
"6522.0,observed circle marks and significant penetrated rust (abnormal as not routine marks) around the disc pads,False,High,Neutral"
"8264.0,""After 25 km/h speed, applying the brakes causes a knocking sound"",False,High,Neutral"
"8930.0,""As per the customer, the gear shift is getting stuck."",False,High,Neutral"
"3051.0,The Echo mode and Start-Stop Technology (SST) activate automatically when the vehicle starts from a stationary position.,False,Low,Neutral"
"8314.0,customer is saying that quality of tier is bad and saying you have fixed 2025 model tier in it also having problem in tier pressure coming again and again,False,High,Frustrated"
"8503.0,nozzle leakage issue,False,High,Neutral"
"1382.0,Engine Check Light (Catalytic convertor issue),True,Critical,Neutral"
"4549.0,Rear seat adjustment lever has been broken from both side,False,Low,Neutral"
"3174.0,Customer is facing transmission jerking and noise issue,False,High,Neutral"
"8766.0,""As per the customer, we also go to the dealership where regular maintenance parts are available, but currently the oil filter is not available at the dealership."",False,Medium,Neutral"
"8473.0,There is a lot of noise coming from the front while driving,False,High,Neutral"
"3032.0,Vehicle heat up issue,False,High,Neutral"
"493.0,As per customer his vehicle Engine check light blinking on meter display,False,High,Neutral"
"8096.0,Noise is coming for front on bumpy road and feel noise in steering when move a steering,False,High,Neutral"
"7877.0,customer come after 4 month for changing its oil and after inspection we  noticed that ac filter is missing but he is saying that you have missed or change this part.,False,Low,Frustrated"
"8347.0,vehicle delay  (vehicle tagged by oem on 20 may 26 ) but Blue color has been tagged customer actual order is white,False,Medium,Frustrated"
"3420.0,Radiator Issue in vehicle after replacing the coolant,False,High,Neutral"
"6477.0,""I recently purchased a brand-new vehicle from Changan Rawal Motors, and I am extremely disappointed with the quality and condition of the car. Despite having driven less than 700 kilometers, the vehicle is already showing several serious issues. The steering makes unusual noises, the speaker system is not working, and the dashboard lock is faulty. Most concerning of all, there is visible rust in various parts of the car, which is completely unacceptable for a new vehicle. I request that these problems be resolved immediately or that the vehicle be replaced, as this situation reflects very poorly on the brand's quality and customer service."",False,High,Angry"
"7833.0,The customer came to the dealership and said that his vehicle’s coolant level drops after driving for a few kilometers.,True,Critical,Neutral"
"8342.0,I was driving on high way at the night. Light of my car was not proper bright. I cant see clearly the road it was difficult to me for drive the car on highway. I stopped may car at the side of the road to checked the headlight. The light was not properly illuminate due to Mid LED Fuse.,False,Critical,Frustrated"
"10.0,""According to the customer, his Deepal S07 does not meet the mileage requirements according to the vehicle manual. He demands that the vehicle cover 400 km in a single charge; otherwise, he will return the vehicle to the dealership, and we will have to pay back his full amount."",False,Medium,Frustrated"
"445.0,""As per customer his vehicle engine issue, while driving engine knocking but customer not agree, dealership diagnose the issue but customer not agree and he wants to head office team come to dealership and rectify this issue, its a manufacturing issue."",False,High,Frustrated"
"7596.0,""Customer reports that during the first cold start in the morning, when shifting the gear from Park (P) to Drive (D), a very strong and dangerous jerk is felt & abnormal noise coming form to steering gear assy."",False,Critical,Neutral"
"6649.0,A/C troubles.,False,Medium,Neutral"
"1221.0,there is a problem with gear mechanism. your team gave me time of 20-30 days to repair this. it would badly damage my routine. Kindly arrange courtesy car  for these days.,True,Critical,Frustrated"
"5563.0,Generator not working,True,Critical,Neutral"
"7060.0,The customer's car bonnet needs to be replaced.,False,Medium,Neutral"
"8219.0,Delay delivery March,False,Medium,Neutral"
"9082.0,INSIDE NOISE.,False,Medium,Neutral"
"4649.0,Head light adjustment issue,False,Medium,Neutral"
"2273.0,""2, 3 Gear shifting   issue"",False,High,Neutral"
"2562.0,The fuel Lid / cap is not opening if I'll try to open from inside,False,Medium,Neutral"
"681.0,""Delay in Speed, Dct Noise"",False,High,Neutral"
"3077.0,Engine Oil Leakage,True,Critical,Neutral"
"2414.0,Steering too much hard,False,Critical,Neutral"
"4884.0,Gear shifting issue,False,High,Neutral"
"4690.0,I WANT TO PURCHASE RADIATOR CAP FOR M-9 SHERPA BUT PART DEPARTMENT IS SUGGESTING TO REPLACE THE WHOLE RADIATOR WHICH IS UN ACCEPTABLE,False,Medium,Frustrated"
"7120.0,""As per commitment and as per PBO The vehicle should have been deliverd in the month of oct 2025, but today is 31st oct 2025 and there is no allocation against this PBO , Now  im unsatisfied with the brand services."",False,Medium,Frustrated"
"1410.0,Delay Delivery,False,Medium,Neutral"
"2118.0,As per customer his vehicle A/C not working properly,False,Medium,Neutral"
"898.0,As per customer his vehicle consumed high fuel after maintenance the vehicle at dealership.,False,Medium,Frustrated"
"956.0,""Steering noise issue, required a Steering Box in warranty claim."",False,High,Neutral"
"7886.0,""As per the customer, the vehicle is overheating, and the engine oil has mixed with the coolant."",False,Critical,Neutral"
"356.0,Abnormal Noise inside the cabin at 100 plus KPH speeds.,False,Medium,Neutral"
"6473.0,There is a metal strip under the customer's vehicle that has developed rust.,False,Low,Neutral"
"7441.0,Pickup issue in first gear,False,High,Neutral"
"3049.0,""Google map not working properly, CarAuto App disable after every 10 minutes"",False,Low,Neutral"
"9147.0,""During driving, a normal noise has been observed in the customer’s vehicle."",False,Low,Neutral"
"5917.0,The customer visited the dealership regarding a Multimedia issue.,False,Low,Neutral"
"9820.0,""Oil filter leakage occurred due to technician negligence, resulting in engine oil wastage."",False,High,Frustrated"
"8892.0,The customer is not satisfied with the dealership's services and will not recommend our dealership to anyone.,False,Medium,Frustrated"
"4486.0,Headlight Density Low,False,High,Neutral"
"4294.0,headlight density is low,False,High,Neutral"
"6957.0,""The customer's insurance claim took one month to process, but they are not satisfied with the paint quality"",False,Medium,Frustrated"
"9839.0,""The rear seat needs to be replaced. Initially, the Parts Department provided us with a part number but when we submitted the DQIR, the Master team returned it, stating that the rear seat part number was incorrect."
"We then requested the Parts Department to provide the correct part number. The part number provided by the Master team is not available in the DMS. We have already raised a complaint regarding this issue and also contacted Tariq Bhai from the Parts Department to have the part number added to the DMS. It has been more than a week, but the part number is still not available in the DMS. Kindly look into this matter and help resolve it ASAP."",False,Medium,Frustrated"
"9221.0,I HAVE A TPMS PROBLEM IN MY OSHAN X7 THAT HASN'T BEEN HAPPENING FOR FOUR DAYS.,False,Medium,Frustrated"
"4684.0,Ac is not working,False,Medium,Neutral"
"809.0,Transmission Oil Coolar Assy not delivered,False,High,Neutral"
"3404.0,vehicle was heat up due to coolant leakage,True,Critical,Neutral"
"4082.0,LONG WAITING FOR SPARE PARTS,True,Critical,Frustrated"
"1913.0,Due to Rain water goes inside vehicle from down side.,False,Medium,Neutral"
"7964.0,""I recently changed the mount cushion on 28-02-2024. After a few months, the mount cushion is broken. I request you to please replace the part under warranty."",False,Medium,Neutral"
"3595.0,Tyre Issue warranty claim.,False,Medium,Neutral"
"2352.0,Accidental vehicle some parts required Front Bumper & Front Headlight,True,Critical,Neutral"
"5601.0,BRAKE PEDAL GOES FORWARD WITHOUT BRAKING.,True,Critical,Neutral"
"8830.0,FRONT BACK DOOR NOISE,False,Low,Neutral"
"5805.0,""AOA,"
""
"I am very disappointed with the commitment of your sales representative's staff at your authorized dealership - First of all they had he excuse of production plan after that they had the excuse of delivery failure - is this the way / style of your company with the customer?"
""
"I am legal advisor and i am seeing this very closely how you people are treating me."
""
"it would be great if you provide my vehicle on time."
""
"Thanks"",False,Medium,Angry"
"2343.0,Right & Left side DRL issue,False,Medium,Neutral"
"610.0,Battery issue (vehicle offroad),True,Critical,Neutral"
"9026.0,""I visited the dealership for SFS. The vehicle had new floor mats, but when the customer took the car back, the new mats had been kept by your team and old floor mats were placed instead."",False,Medium,Frustrated"
"9484.0,Mr. Muhammad Shahbaz's vehicle (Sherpa M9) is experiencing a fuel pump leakage issue.,True,Critical,Neutral"
"817.0,Delayed Delivery,False,Medium,Neutral"
"30.0,""The vehicle’s tire has burst, and the customer is waiting for the replacement part. However, due to the delay in availability, the customer is annoyed."",False,High,Frustrated"
"471.0,""As per customer his vehicle knocking issue in 1st gear, already informed to the dealership but they said its manufacturing issue. Customer demand to resolve this issue his car is in under warranty."",False,High,Frustrated"
"1178.0,The Customer claims that the head office CRM department said that the vehicle is available but your dealership is not interested in tagging the vehicle. And I am annoyed by the late delivery.,False,Medium,Frustrated"
"26.0,""I have been facing a vehicle charging problem for the last 10 days, vehicle's portable charger not working"",False,High,Frustrated"
"8287.0,Abnormal noise is coming from the engine compartment. Fly wheel malfunction.,False,High,Neutral"
"2369.0,As per customer his vehicle A/C cooling is not working and already visited at dealership.,False,Medium,Neutral"
"3660.0,Transmission issue,True,Critical,Neutral"
"3100.0,""Battery issue, vehicle is at dealership from 16th Nov"",True,Critical,Frustrated"
"8103.0,VEHICLE INVOICE PENDING,False,Medium,Neutral"
"8332.0,Right side mirror camera shows blurred image and is now blank,False,Medium,Neutral"
"1011.0,Engine Coolant Leakage (VOR) VEHICLE ON DEALERSHIP,True,Critical,Neutral"
"2762.0,Accidental vehicle (Some parts required but dealership didn't response),True,Critical,Frustrated"
"5554.0,rear wiper motor not working properly,False,Medium,Neutral"
"8113.0,Delay delivery,False,Medium,Neutral"
"9105.0,""We drove the car for about two weeks. After that, when I went for the first time to get air filled in the tires, the tire guy told me, this tire could get stuck or cause trouble,There’s a bubble in this tire. Then I checked it myself, but honestly, I didn’t even know what a bubble was. At the time of delivery, I didn’t properly inspect the car in detail. You know how it is—Dealership keeps the car hidden from the customer at delivery time. They just make you sit, quickly hand over the car, and say, ‘Alright, your clearance is done, go ahead and take the car. Meanwhile, there’s chaos—cars behind you honking, telling you to move quickly, ‘Take it out, take it out.’ So in all that rush, something like this can already be wrong from the start, like it came faulty from the factory."
"Also, a tire usually has a warranty of at least around 2,500 kilometers. But this issue appeared within just 200–400 kilometers, so it’s clearly a fault. You should get it replaced."",False,High,Angry"
"8420.0,""As per the customer, I had my car registered through the dealership and I made the full payment. However, I am not being given the smart card. When I go to the dealership, I am told to contact Mr. Afzal, but he is not giving me any proper response."
"As per the customer, Mr. Afzal is now saying that we have no solution and that you should handle it yourself and get a duplicate card made."",False,Medium,Frustrated"
"7962.0,""The customer vehicle was expected to be delivered in January. however, due to delays, it has not been delivered yet."",False,Medium,Frustrated"
"6107.0,""According to the customer, they had the vehicle’s mirrors replaced however, the left-side mirror was used. The customer informed the dealership that it was a used item, yet the dealership still installed it."",False,Medium,Frustrated"
"5357.0,Burning smell from vehicle,True,Critical,Neutral"
"8493.0,CRACK ON REAR TAIL LIGHT,False,Medium,Neutral"
"8258.0,Reverse gear shifting issue,False,High,Neutral"
"1432.0,The Customer is annoyed and demanding to deliver his vehicle soon,False,Medium,Frustrated"
"2775.0,Transmission check light issue,False,High,Neutral"
"3602.0,""I sent my car to Chanhan Yazdani Motors for an issue that was incorrectly diagnosed by your team. Despite a month of back-and-forth and the replacement of parts, the issue remains unresolved, and I have not received any relief. Afterward, I took my vehicle to Changan Auto Shahrah-e-Faisal, where they diagnosed the problem as a noise coming from the engine, specifically related to the trench."",False,High,Frustrated"
"9520.0,""I am Farhan Isfahani, Advocate High Court, owner of an Oshan X7. Rust has appeared on the roof of my vehicle. This issue is not caused by the PPF, as PPF is applied solely for paint protection."
""
"Kindly investigate and resolve this matter at the earliest. Failing a timely resolution, I will be constrained to pursue legal action."",False,Medium,Angry"
"7464.0,""Engine shield lost or misplaced, I visited last time on 2025-10-03"",False,Medium,Neutral"
"5027.0,Vehicle delay,False,Medium,Neutral"
"7711.0,TPMS check light ON,False,High,Neutral"
"8201.0,""As per the customer, the part has been replaced, but there is still noise and vibration."",False,High,Neutral"
"2791.0,""Oil is not available at Sindh Motors. I went there a few days ago to get it changed, but the dealership said that oil was not available. Since then, I haven't been able to drive my car."",False,High,Frustrated"
"8822.0,""As per the customer, Ms. Rubab committed delivery of both vehicles before Eid; however, the commitment was not fulfilled. Despite multiple follow-ups, no proper response was provided. Upon contacting Head Office Karachi, the customer was informed that even the invoice had not been generated."",False,Medium,Frustrated"
"4732.0,Abnormal noise from vehicle left side from 20 days ago during rough road we have feel abnormal noise,False,Medium,Neutral"
"7968.0,Steering noise issue,False,High,Neutral"
"8392.0,""B511F280103-0900 COMPRESSOR DISCH hose assy, B511F280103-0800 COMPRESSOR SUCT, 5501.000310.02.0000 -- B511F280103-1400 THREE STATES PRESSURE SWITCH ASSY (WITH O-RINGS) B511"",False,Medium,Neutral"
"8395.0,First of all our experience with the dealership was not quite good no proper follow-ups regarding the vehicle delivery time and when we visited dealership and got to know that the sales person dealing our case had left the company the first concern was that we should be informed about this and no one took responsibility for my case 1 lac from my payment was short and I wasn't informed but upon asking for the delay in delivery they handed me this reason and my tentative month for delivery was April and vehicle was delivered in may and now its been 20 days since mt delivery and i haven't received my invoices yet.,False,Medium,Frustrated"
"8114.0,Requesting for activation of mobile application,False,Low,Neutral"
"7296.0,""Air Filter ,Coolant ,Spark plug required for maintenance"",False,Low,Neutral"
"3643.0,Brake switch issue,False,High,Neutral"
"9688.0,""The vehicle has not even completed 2,000 km, and a bubble has appeared on the tire. We lodged a complaint with the dealership, and the case was forwarded to the vendor. However, the vendor rejected the claim, stating that it was caused by an external hit/impact."",False,High,Frustrated"
"9176.0,ENGINE DEAD CUSTOMER WANT NEW VEHICLE,True,Critical,Angry"
"1514.0,Oil mixed with coolant (VOR),True,Critical,Neutral"
"6311.0,Basically I am a  second owner of the oshan x7(NKMASE2E9S1003047) and the first owner said me i have no ppm coupons . kindly give me a duplicate ppm coupons .,False,Low,Calm"
"114.0,Switch Assy and wiring hardness required,False,Medium,Neutral"
"9716.0,""The customer was facing a battery issue. When he visited the dealership, he was misinformed by the staff that the battery warranty was only 12 months, whereas the battery warranty card clearly stated an 18-month warranty. The customer was advised to contact the vendor directly, which should not have been the customer's responsibility. The dealership should have coordinated with the vendor and processed the battery replacement under warranty on behalf of the customer."",False,Medium,Frustrated"
"7776.0,VEHICLE  INVOICE PENDING,False,Medium,Neutral"
"5149.0,The car there is a vibration in the car due to RHS mounting break,False,High,Neutral"
"8943.0,""Aslaamoalikum,"
""
"We have Paid the amount the full amount till 17/02/2026 with the commitment of delivery receipts before an Eid-ul-filter by your dealership but after serval visit and calls still, we are not getting satisfactory response from your dealership. It's really un-fair response from you people."
""
"We are looking forward towards you for the quick response from you."",False,Medium,Frustrated"
"5298.0,""The customer says that I have paid the remaining amount when the campaign was running in march. and he said that i had made a full payment for the vehicle with the price increment, so i should be included in this campaign."",False,Medium,Frustrated"
"5297.0,Engine mount issue LHS,False,High,Neutral"
"1611.0,multiples parts required in cash  p.o (00010/1035),False,Low,Neutral"
"7625.0,Both enign Mount Required,False,High,Neutral"
"3406.0,shocks noise issue Passenger side,False,Medium,Neutral"
"9309.0,""As per the evidence, my vehicle was under warranty on 05-08-2025. However, the report was submitted late on 31-10-2025, due to which the vehicle became out of warranty. Therefore, I kindly request that the repair/work be processed under warranty, as the issue was reported during the valid warranty period."",False,Medium,Calm"
"4873.0,Vehicle heatup issue,True,Critical,Neutral"
"8978.0,rear wiper motor + wiper blades,False,Medium,Neutral"
"9605.0,""The vehicle was brought to our workshop with an engine mount issue. As per your evaluation, the case was considered a non-fault condition; however, the engine mount was replaced under warranty"",False,Medium,Neutral"
"4158.0,""As we have already said, we need the vehicle before 20 February, but now the production plan has been changed and shifted to 25 February, which is not acceptable."",False,Medium,Frustrated"
"889.0,headlight density low,False,High,Neutral"
"9058.0,Bluetooth connectivity problems,False,Low,Neutral"
"6610.0,Fr upper grill decorative and fr camera not available,False,Medium,Neutral"
"4217.0,""The customer replaced the radiator through Auto Lahore and made an online purchase of Rs. 57,600 from Bilal Automobiles. However, the Radiator  was delivered without a box and no invoice slip was provided. After 12 days, the radiator started leaking, and despite reaching out, the dealership has failed to respond."",False,High,Frustrated"
"6663.0,STEERING COLUM NOISE,False,High,Neutral"
"7670.0,Flywheel was changed but noise issue is unresolved.,False,High,Neutral"
"9695.0,Steering issue,True,Critical,Neutral"
"9113.0,Alsvin has paint issues like white spots on the body and bumper and colour fading at some spots .,False,Low,Neutral"
"3889.0,Transmission noise issue,True,Critical,Neutral"
"1793.0,""As per customer his vehicle generator issue found, already informed to the dealership and vehicle inspection done."",False,High,Neutral"
"1648.0,Delay Delivery,False,Medium,Neutral"
"4235.0,""DASH BOARD GLOVE BOX INNER PART FOUND BROKEN WHILE INSPECTING  THE CABIN FILTER ON 15K MAINTENANCE"
"CUSTOMER IS SO ANNOYED THAT THE QUALITY OF THE PART IS NOT AS PER THE STANDARD FURTHERMORE HE ADDED THAT I HAS NOTHING TO DO WITH THE PART (INSIDE THE DASHBOARD)"",False,Medium,Frustrated"
"6371.0,MY CLAIM PUT ON DATED 1ST AUG-2025 MY PART IS STILL PENDING WHY,False,Medium,Frustrated"
"9055.0,Window Regulator Assembly – Front Right (Floor RH,False,Medium,Neutral"
"9056.0,""This is a DCT Light show in the vehicle while driving,"",True,Critical,Neutral"
"514.0,Customer says i have pay the payment for delivery for the vehicle when I conformation for sir Zeeshan he show irresponsible and unprofessional Behaviour .He can not pic my call.,False,Medium,Frustrated"
"4476.0,Insurance claim.part not recieved yet. (Rear bumper lower pad),False,Medium,Neutral"
"4449.0,Bubble on Front Left side Tire,False,High,Neutral"
"8842.0,Speaker noise,False,Low,Neutral"
"1429.0,Vehicle heat up issue (Repeat failure),False,High,Neutral"
"9559.0,""Invoice amount 9,280,980, customer paid : 9,480,980‬"",False,Medium,Neutral"
"6485.0,VEHICLE STARTING ISSUE,True,Critical,Neutral"
"5509.0,""I DROVE MY VEHICLE ON HAJI GUL PLAZA BASEMENT RAMP BUT VEHICLE FAILS THEN I DROVE IT IN REVERSE"
"YOUR MECHANIC TOLD ME THAT IT IS FREE PLAY AND ITS NORMAL"
"I WILL GO TO ANY EXTENT TO REPLACE THE FAULTY GEAR BOX"",False,High,Angry"
"8228.0,Customer feel vibration when he apply break on high speed,False,High,Neutral"
"9306.0,Glove box issue (There is no impact from any external factor. this issue has also not occurred due to misuse or improper usage.),False,Medium,Neutral"
"7817.0,Android panel of my car is not operational with Bluetooth/WIFI connectivity.,False,Low,Neutral"
"5702.0,Radiator leaked,True,Critical,Neutral"
"3712.0,Electronic parking brake error show,True,Critical,Neutral"
"4761.0,""NKMASE2E7R1001934"
"The customer wants to transfer the PBO to his wife's name"",False,Low,Calm"
"4678.0,""Front Bumper"
"Bumper crome"
"LHS Fender"
"Headlight left side"",False,Medium,Neutral"
"1867.0,Vehicle got accident during test drive,True,Critical,Neutral"
"8678.0,""Customer complains that when we drive the vehicle, heard abnormal noise from the suspension side."",False,Medium,Neutral"
"8594.0,""Customer reported that there was a noise in the vehicle. We thoroughly checked the vehicle, but no abnormal noise was found. The customer has already been informed accordingly."",False,Low,Neutral"
"2124.0,Headlight Density Low,False,High,Neutral"
"2355.0,Suspension troubles,False,Medium,Neutral"
"8230.0,DCT Issue,True,Critical,Neutral"
"871.0,Gear shifting issue (Offroad Vehicle),False,Critical,Neutral"
"3972.0,knocking issue,False,Medium,Neutral"
"3822.0,""As per the customer, when I visited on 12th November, they mentioned an issue with the wheel cylinder and mount. However, the dealership's report did not escalate the issue of the engine mount, even though the car was with the dealership for two weeks"",False,High,Frustrated"
"6949.0,""Headlights are very low which is a known fault in Oshan and recently on 27th September its warranty expired, I am a regular and loyal customer my family already owns 3 Oshan X7,  and I am planning to buy another one. Kindly expedite this matter."",False,High,Calm"
"4488.0,I  PURCHASED NEW ALSVIN WHICH HAS BEEN ONLY DRIVEN 600 KMS AND I FOUND ABNORMAL NOISE IN FRONT SUSPENSION SO I VISIT THE WORKSHOP (CHANGAN KHYBER MOTORS) BUT THEY TOLD ME IT IS NORMAL,False,Medium,Frustrated"
"8060.0,Steering noise,False,High,Neutral"
"9277.0,""The service is extremely poor, I'm not satisfied with this dealership."",False,Medium,Frustrated"
"9594.0,""The vehicle has only covered 27,000 kilometers, yet the turbo system has developed a fault.."",False,High,Neutral"
"2393.0,Headlight Density Low,False,High,Neutral"
"4512.0,""Booking cancellation"
"70008207"",False,Low,Neutral"
"3965.0,""There comes a birds-chirping noise from the dashboard near the windshield while driving the car. The """"tik tik"""" sound comes for a few minutes even after the engine is switched off. It feels like some water is dropping under the dashboard."",False,Medium,Neutral"
"5317.0,4Tire burst issue,True,Critical,Neutral"
"1747.0,generator not working,True,Critical,Neutral"
"7337.0,""As per the customer, he had the brake pads replaced in December 2023. However, Khyber Dealership is now saying that the parts installed were local, while the customer paid PKR 27,000 for genuine parts."",False,Medium,Frustrated"
"664.0,Oil mixed with coolant(vehicle offroad),True,Critical,Neutral"
"8189.0,CUSTOMER VEHICLE DELAY,False,Medium,Neutral"
"38.0,""Dear Team Deepal,"
""
"I am regular customer of Changan Pakistan through the Auto Stallion - i have bought the Deepal S07 from your Good dealership and i have not the my vehicle Floor Matt's from your Good dealership till date. As per them the matt's are awaited from Head-office and once receive we will provide you the same."
""
"I am shocked to know the normal matt's are taking the long time even the vehicle delivery."
""
"Kindly let me know if you people are accommodating us the matt's or not otherwise i buy from market at least."",False,Low,Frustrated"
"3504.0,AUTOMATIC TRANSMISSION ASSY STUCK & ABNORMAL NOISE COMING FROM DCT ASSY.,True,Critical,Neutral"
"9223.0,long wait for spare part F202F270501-0106 WINDSHIELD GLASS ASSY,False,Medium,Frustrated"
"327.0,Delayed Delivery,False,Medium,Neutral"
"7393.0,Customer Complains that i heard abnormal noise in engine  when i accelerate a pedal.,False,High,Neutral"
"3146.0,A/c cooling issue.,False,Medium,Neutral"
"3389.0,GEAR ISSUE,True,Critical,Neutral"
"4855.0,""After the bumper was replaced, the vehicle becomes unstable and swerves when I reach a speed of 100 km/h.(I am not satisfied with the quality of bumper)"",False,High,Frustrated"
"9719.0,""My vehicle is covered under the PPM offer. Why is the dealership charging for the top wash? The PPM package covers all scheduled maintenance services, including top wash. these are additional charges."",False,Medium,Frustrated"
"7836.0,""The customer visited the dealership and complained that whenever he parks his vehicle somewhere, a few drops of oil fall from the rear side, and the brake warning light appears on the odometer."",False,High,Neutral"
"8223.0,Delay delivery March 2026,False,Medium,Neutral"
"5704.0,""During the rain, a stone hit the vehicle's roof. After the paint was removed, rust was found underneath."",False,Low,Neutral"
"8448.0,The customer is not accepting the vehicle due to a dent on the door.,False,Medium,Neutral"
"782.0,unavailabilty of flywheels,True,Critical,Neutral"
"2632.0,Headlight Density Low,False,High,Neutral"
"2007.0,missing issue,False,Low,Neutral"
"67.0,""CUSTOMER CALLED ME AND SAID LAST YEAR I HAVE CHANGED BATTERY AND BEFORE PASSING A YEAR BATTERY AGAIN DEAD. I SENT MY VEHICLE TO CMM FOR INSPECTION, METER SHOW 100% BATTERY HEALTH BUT ON VEHICLE'S SCREEN ITS SHOWS DEAD"",False,High,Frustrated"
"6813.0,Meter cluster is showing wrong outside temperature.,False,Low,Neutral"
"4809.0,""The rust problem on the car’s sunroof has been fixed, but the customer is still seeing rust develop in various other areas of the vehicle. He is insisting on a permanent resolution and have threatened to approach the consumer court if the issue is not fully addressed."",False,High,Angry"
"9724.0,""Hi,"
""
"I am waiting for my vehicle delivery Past 10 Plus days but till time dealership failed to provide my vehicle delivery - Even vehicle invoice has received by dealership."
""
"It's my last platform to complain gently after that i will use my legal right."",False,High,Frustrated"
"4139.0,Vehicle Deliver Delay,False,Medium,Neutral"
"8095.0,BUBBLE IN TIRE ISSUE,False,High,Neutral"
"6326.0,Abnormal play and noise in the steering gear assy and both stabilizer links ASSY,False,High,Neutral"
"5767.0,Auto Lahore dealership didn't return my service book.,False,Low,Neutral"
"9834.0,I am extremely dissatisfied with this dealership due to my First Free Service (FFS) experience. No car wash was provided and my complaint regarding the vehicle's mileage has still not been resolved. I am disappointed with the overall service and would not recommend this dealership to others.,False,Medium,Angry"
"2021.0,Drive Shaft seal leakage(VOR),True,Critical,Neutral"
"955.0,oil and water mixed(VOR),True,Critical,Neutral"
"7210.0,Speaker noise issue,False,Low,Neutral"
"4000.0,Vehicle Delay,False,Medium,Neutral"
"6269.0,""As per the customer, the scanner was not available at the dealership."",False,Medium,Neutral"
"9042.0,""The engine timing seal is leaking, and we have already collected the necessary evidence. Since the vehicle is currently under warranty, we request that it be replaced at this stage. This will avoid any issues later, such as the warranty expiring and the claim being declined."",False,High,Neutral"
"720.0,Headlight density is low,False,High,Neutral"
"7957.0,Alternator issue,True,Critical,Neutral"
"3762.0,Cack in the right rear lamp. shared a picture of it with the dealership.,False,Low,Neutral"
"8681.0,The AC vent is not working.,False,Low,Neutral"
"5513.0,Ac is not working,False,Medium,Neutral"
"8898.0,""The service is extremely poor and the staff is completely unprofessional. No one shows any professionalism or provides a timely response. After making me wait for three hours and proceeding with the deal, they tell me that they doesn’t even have a fuel pump available for Karvaan. Do they think I have nothing better to do?"",False,Medium,Angry"
"7084.0,""As per the customer, their vehicle is giving an average of 7 km per liter."",False,Medium,Neutral"
"9514.0,""am using alsvin 1.5 DCT Auto 2022 model"
"It worked fine till now, I have never missed a routine maintenance and all from dealership."
"Got my gear oil changed from original changan dealership in Lahore at 50,000 km and now it's around 60k"
"Recently it occurred that my gear box check light appears and then disappears. It's not permanent but it keeps coming back. On signal stops, on reverse gear , on ramps but not during straight road drives."
"Dealership told me to get my battery changed , I got it changed. Then they told fly wheel is faulty, I got that charged too. Now the issue of check lights remains the same. Generator checked it's also okay."
"Dealership tried with their scanner and told there might be valve body issue in gearbox. It's just 4 years and gearbox need repair ?"",False,High,Frustrated"
"1517.0,Accessories is at dealership but some fixed items are not available at the dealership received since 1 year,False,Medium,Neutral"
"7207.0,Abnormal noise from the front suspension due to the steering assy and stabilizer shafts,False,High,Neutral"
"9381.0,Customer visited us on 15 May for vehicle service and claimed that his warranty book is missing.,False,Low,Neutral"
"8325.0,I have been currently facing an issue with my changan alsvin lumiere 1.5 dct. The gear is jerking alot i can’t drive the car. so i need a fix to this as soon as possible,False,Critical,Frustrated"
"476.0,Vehicle heat up issue (Vehicle offroad),True,Critical,Neutral"
"3948.0,""I have Alsvin Car.I faced problem in left side front and back both tires.  My both vehicle tires are bloated. your dealership called to me on 21-01-2025 for inspection visit. When I was coming for inspection my left side back tire was blast and my vehicle was out of control. Alhamdulillah's I was saved and my vehicle also. But it was really dangerous for me."
"Then next day 22-01-2025 when I reached at dealership your warranty In charge said you have just claimed your left front tire which is blo"",False,Critical,Angry"
"8049.0,Delay delivery February,False,Medium,Neutral"
"6723.0,""Whenever I get my car serviced, the dealership puts a sticker on my car that is very difficult to remove. This has been happening for 4 years. The last time I visited was on 12th September 2025, and they put the sticker again. Kindly send someone from the dealership to remove this sticker."",False,Low,Frustrated"
"7397.0,The headlamp intensity is low.,False,High,Neutral"
"1168.0,""As per customer his vehicle Steering noise issue (Steering cross part required), already informed to the dealership."",True,Critical,Neutral"
"5237.0,""The customer reported an abnormal noise coming from the gear side when changing gears. Additionally, the vehicle jerks during gear shifting"",False,High,Neutral"
"8599.0,MISSFIRE ISSUE,True,Critical,Neutral"
"5447.0,""I have booked the vehicle with Partial amount 2.0M from your dealership (Changan Auto Stallion) on dated 09/04/2025 through the Sales Executive Miss Jannat and took the commitment of vehicle delivery at 16-June-2025 after paying balance amount."
""
"I have made all payment as per commitments but its been 8 to 1 days more passed from commitment given by your authorized dealership staff.  I am overseas Pakistani and i booked this vehicle for my vacation period - if i am not getting my vehicle within this month i am going lodge the legal complaint and will report this kind of miss-commitment from your side on social Platform too."",False,High,Angry"
"5939.0,""The jack kit provided with my car was in poor, visibly used condition. I raised this issue with the dealership, but dealer said that the company is not responsible."",False,Medium,Frustrated"
"3637.0,heater vent of passenger side is not operating even after getting services on  cash,False,Low,Frustrated"
"9329.0,The gear stopped working after driving for a few kilometers,False,Critical,Neutral"
"1672.0,As per customer his vehicle Headlamp density is low,False,High,Neutral"
"6296.0,rust on the boot,False,Low,Neutral"
"4928.0,The right side fender corner near the side mirror is misaligned and appears to be out of place.,False,Low,Neutral"
"287.0,Mr. Usman is a second owner and he is complaint regarding Oshan x7 FS headlight density issue,False,High,Neutral"
"7865.0,Dashboard noise,False,Low,Neutral"
"2045.0,Transmission Checklight,True,Critical,Neutral"
"9610.0,""I would like to raise a complaint regarding a defective tyre and TPMS sensor. I noticed that the tyre pressure was continuously dropping, so I had the tyre inspected by a local tyre expert. After inspection, he informed me that there was a defect in the tyre and advised that it was not safe for long-distance travel."
"I immediately tried to contact the dealership; however, the dealership was closed due to Eid holidays. Since I had already planned to travel to Ziarat with my family for Eid, I had no option but to proceed with the journey. During the trip, the tyre pressure dropped again, causing significant inconvenience and safety concerns for me and my family on the road."
"Considering the tyre defect and the associated TPMS sensor issue, I request that my warranty claim for the tyre and sensor be processed on a priority basis."",False,Critical,Frustrated"
"4927.0,""I have attempted multiple times to set the clock time, but it does not function correctly or save the settings."",False,Low,Neutral"
"8057.0,""BATTERY ISSUE (I've had to change 3 batteries in just 1 year. If the battery issue constant, I'm done with this vehicle. I'm not taking it back from the dealership)"",False,High,Angry"
"689.0,""Asking for vehicle delivery status, Mar 2024"",False,Medium,Neutral"
"6223.0,Persistent noise from the driver's side pillar,False,Low,Neutral"
"3923.0,i demand new gear assembly and courtesy car.,True,Critical,Angry"
"8018.0,""This is to inform you that a customer has reported an issue of rodent (rat) movement inside the vehicle. The customer has noticed signs indicating that a rat enters the vehicle interior, which is causing serious concern regarding wiring safety and overall vehicle condition & battery issue."",False,High,Frustrated"
"9843.0,AC COMPRESSOR ISSUE,False,Medium,Neutral"
"9001.0,HAVING ISSUE AFTER MAINTENANCE. HAVE FACING HEAT UP ISSUE.,False,High,Frustrated"
"18.0,""I have been facing this issue since the day I received the vehicle. There are visible stains on the front bonnet, and they have been there from the beginning."",False,Low,Frustrated"
"7025.0,""The customer’s vehicle was inspected, and it was confirmed that the fog lights were not functioning. When the fog lights were turned on, there was no indication on the meter, and the lights did not operate. Upon further inspection, the combination switch was dismantled, and it was found that one of the internal wires was broken. The replacement of the combination switch ASSY was recommended. However, the Head Office rejected the warranty claim. The customer stated that they were unaware of any internal wire damage and requested that the part be replaced under warranty."",False,Medium,Frustrated"
"8273.0,""There was a problem with the gear in my Alsvin. I worked (in changan khyber)on my car but the problem persisted. I was told that your vehicle is fine and you can take it anywhere.Then when I started going to Lahore, the gear of the car became completely free on the way. Then I called the recovery people and I took the car to Changan Lahore (Adil Ashraf). Now my demand is that the problem that has come in my car, either Changan Khyber should solve this problem or refund the expenses ."",False,Critical,Frustrated"
"8175.0,""RR BUMPER ASSY"
"RR BUMPER LOWER"
"RR BUMPER SIDE FIXING SUPPORT ASSY RH"
"SCUTCHEON BLUECOR (300T)"
"SCUTCHEON AUTO NAME (X7)"
"SCUTCHEON MANUFACTURER NAME (CHANGAN)"
"OSEM-01 EMBLEM (OSHAN)"
"BACK DOOR ASSY"
"TAIL LAMP III RH"
"BACK GLASS ASSY"
"RR BUMPER SIDE FIXING SUPPORT ASSY,LH"
"RR BUMPER SIDE FIXING SUPPORT ASSY,RH"",False,Medium,Neutral"
"6731.0,BACK BUMPER and trunk,False,Medium,Neutral"
"8351.0,""I brought my vehicle for engine check light on, and your team attached a scanner and found catalytic converter issue. They serviced it but after that they reported engine mount RHS issue that it is cracked. I'm not taking my vehicle back in this condition due to an abnormal noise coming after repair work."",False,High,Frustrated"
"8174.0,""FR BUMPER"
"FR BUMPER LOWER"
"FR BUMPER FOG LAMP TRIM LH"
"FR WHEEL TRIM"
"LINING ASSY FR WHEEL HOUSE LH"
"FR BUMPER SIDE FIXING SUPPORT ASSY,LH"
"FR BUMPER SIDE FIXING SUPPORT ASSY,RH"",False,Medium,Neutral"
"8511.0,CUSTOMER IS UPSET AS HE IS SAYING THAT UR SALES DEPARTMENT NOT FULFILLING HIS PROMISE ON TIME.,False,Medium,Frustrated"
"6335.0,MY ALSVIN IS  2022 (INVOICE FEBRUARY 2022) MODEL. DURING THE MAINTENANCE MECHANIC TEAM FOUND MOUNT CUSHION IS BROKEN . WARRANTY ADVISOR DIAGNOSED THE VEHICLE AND CRATED THE DQIR . MCML REJECTED THE DQIR BECAUSE THE VEHICLE WARRANTY EXPIRE . NOW THE CUSTOMER REQUESTED KINDLY GIVE ME A MOUNT CUSHION IN GOOD WELL,False,Medium,Frustrated"
"5399.0,""customer says the sales team said that there would be a ppm promo on your oshan x7 and maintenance would be free , but the aftersales team took money from  me when i will visit the workshop (changan khyber motors) for our oshan x7 maintenance"",False,Medium,Frustrated"
"1680.0,As per customer his vehicle Engine Mobil Oil leakage issue,False,High,Neutral"
"3908.0,HEAT UP ISSUE (There is abnormal vehicle heat sing shown on cluster meter while i was traveling to Karachi when we have stop the vehicle and check its coolant level below to the max level so check this issue),False,High,Frustrated"
"6117.0,AC NOT WORKING,False,Medium,Neutral"
"6051.0,Insurance claim pending due to unavailability of parts.,False,Medium,Neutral"
"2944.0,Excess amount refund,False,Low,Neutral"
"5034.0,""WHEEL COMP F202"
"Corporate customer hai vehicle use me hai jitni jaldi ho sake .."",False,High,Frustrated"
"180.0,The transmission check light is shown when the  transmission converts from auto to manual,False,High,Neutral"
"7065.0,""Customer reported that his Changan Oshan is not moving. The vehicle does not engage in forward or reverse gear. When the customer shifts the gear, the vehicle remains stationary, and even after pressing the accelerator pedal, the car does not move."",False,Critical,Neutral"
"958.0,FRONT BOTH COMBINATION LAMP WANT TO REPLACE IN WARRENTY DUE TO POOR LIGHT DENSITY,True,Critical,Frustrated"
"6627.0,PPM NOT RECEIVE BY CUSTOMER,False,Medium,Neutral"
"6317.0,My complaint is regarding delay in delivery of the rear left side door .,False,Medium,Neutral"
"105.0,Generator low voltage & wheel alignment,True,Critical,Neutral"
"4283.0,Back seat folding Clip Broken,False,Low,Neutral"
"4485.0,Gear oil mixed with Coolant,False,Critical,Neutral"
"5938.0,""At the time of purchase, I was promised either 30,000 discount or accessories of the same value. Dealer asked my bank details and shown me internal approval for the 30,000 payment by the company, I have not received any payment from the dealership till now."",False,Medium,Frustrated"
"7650.0,""Insurance part claim"
"bamper"
"tire"
"rim"
"suspension"",False,High,Neutral"
"7299.0,I'm facing valve body issue again in my car. I want the company to replaced the part / transmission as Goodwill as I have already spent money on the car getting it repaired since is a known issue,False,High,Frustrated"
"9304.0,""The vehicle is currently in the BP department, but it was not delivered on the promised time, due to which the customer is annoyed."",True,Critical,Frustrated"
"1006.0,""Noise in right side hub, Part unavailable"",True,Critical,Neutral"
"5718.0,WAITING FOR PART/ CHECK OVER HEATING ISSUE,False,High,Frustrated"
"2399.0,Generator issue,False,High,Neutral"
"8582.0,""The customer’s PPM voucher was not delivered. At the time of vehicle booking, the offer was available. Now we need to send an email to the dealership regarding this matter"",False,Medium,Neutral"
"4047.0,Rust on bonnet,False,Low,Neutral"
"5514.0,Steering noise issue reported since the first service after the customer purchased the vehicle.,False,Medium,Frustrated"
"9826.0,""Customer complained about the rude and unprofessional behavior of the Service Advisor, Adeel. The customer stated that a similar complaint had already been lodged against the same advisor around two years ago."
""
"Additionally, the vehicle receiving date was incorrectly recorded as 7 July 2026 instead of the actual date, 6 July 2026. The customer requested an investigation into the matter, appropriate action regarding the negligence, and a corrected PDF copy of the Repair Order (RO) reflecting the actual vehicle handover date."",False,Medium,Frustrated"
"4450.0,""It is to inform you that we/CHANGAN AUTO CAPITAL had placed an order for stock dated 14-03-2025 vide PO Number 000040/1035/25. We received 2 items out of 3 dated 22-03-2025 and upon consulting with concern person in MCML Parts Department  that that remaining 1 item out of 3 was out of stock that's why we did not dispatched the subject item."
""
"This is the last week before Eid holidays, we placed an order on 14-03-2025 by reviewing our ten days stock. And after 10 days upon questioning company/MCML is intimating that your subject item was out of stock which was not an appropriate excuse."
""
"Now, MCML is totally responsible for this issue, you are requested to please send the subject item on urgent basis (overnight). or fulfill our stock deficiency ASAP."",False,High,Frustrated"
"9266.0,""The customer is facing a transmission issue in the vehicle. The problem started after the gear oil was changed at our dealership at 51,547 km. Kindly review and advise further action."",True,Critical,Frustrated"
"9165.0,""The service team has misinformed the customer. The customer is already annoyed and has been waiting for a long time despite having an appointment."
"After starting the work on the vehicle, the service team informed that the required part is not available. My  concern is why was the vehicle opened when the part was not in stock?"",False,Medium,Frustrated"
"1893.0,radiator will be replaced; the inspection has been completed at the dealership as per the customer.Mixing of water & Oil in Radiator,True,Critical,Neutral"
"4741.0,customer's vehicle burned on the Ring Road and is out of warranty.,False,Critical,Neutral"
"8085.0,The back window switch lock panel is not properly fixed,False,Low,Neutral"
"3746.0,Invoice Delay,False,Medium,Neutral"
"7874.0,Warranty book missing.,False,Low,Neutral"
"9200.0,""As per the customer, he has been visiting the dealership since the first day regarding the wheel alignment issue, but the problem has still not been resolved. The customer stated that now our foreman is advising shock replacement for resolution of the issue. However, the customer mentioned that he has visited multiple times and since the vehicle is now out of warranty, he is requesting that the dealership resolve the issue completely, whether through alignment or shock replacement"",False,High,Frustrated"
"1246.0,As per customer his vehicle Radiator Fan issue found,False,High,Neutral"
"8985.0,CUSTOMER HAVING RUSTING PROBLEM AS HE IS DOING HIS MAINTANANCE .,False,Low,Neutral"
"7346.0,Both rear doors are not locking or unlocking with the remote.,False,Medium,Neutral"
"8438.0,""I recently got this car , as you can see in marked area there is mark of paint being dripping"
"Though this does not effect the performance of the car but this concerns either it has been repainted as I doubt how this could be ignored by company PDI. This has hardly effect the resale . This has created mental stress and anxiety and can't expect this after spending a huge amount."",False,Medium,Frustrated"
"756.0,Flywheel noise issue,False,High,Neutral"
"3794.0,""The rear left side brake cylinder part claim under warranty,waiting for part since 3 months"",False,High,Frustrated"
"5561.0,RHS  DRL issue,False,Medium,Neutral"
"749.0,AC Cooling leakage,False,Medium,Neutral"
"8456.0,Abnormal play and noise in the steering gear assy,False,High,Neutral"
"9803.0,""The customer says that at the time of booking the car, the price was PKR 4,068,780."
"However, at the time of delivery, the price of the car had been decreased to PKR 3,864,780.Since my bank processed the total payment based on the old price of PKR 4,068,780, I kindly request you to please refund the remaining amount of PKR 204,000 to me"",False,Medium,Calm"
"1582.0,""As per customer his vehicle Fuel Pump leakage, already informed at dealership."",False,High,Neutral"
"9368.0,""The customer booked an Alsvin Lumiere in Space Grey, but due to vehicle delay, we convinced the customer to agree on a White color vehicle. But  customer is  demanding for  compensation on this matter."",False,Medium,Frustrated"
"7053.0,Passengers front seat has Rust Jam Sound while using seats movement up / down,False,Medium,Neutral"
"6543.0,Low density headlights issue complaint was submitted to CR on 15th April by me and again when I came for oil change I asked for update they guided me that their headlights are ordered and I was asked to contact via WhatsApp and got no response up till now. I am here today again came all the way from Mardan to get update on my case but I am informed its out of warranty.,False,High,Frustrated"
"6149.0,an abnormal noise coming from the rear side while driving,False,Medium,Neutral"
"5391.0,Radiator Fan issue,True,Critical,Neutral"
"2421.0,Battery Trouble Issue,True,Critical,Neutral"
"7929.0,""I brought my car for inspection The technician installed a scanner and said that there was a sensor issue and you would have to change the sensors, which was quite expensive. He charged me two thousand rupees for the scanner checkup.I showed my car to the local workshop and after inspecting it they said that the problem is in the wear and tear, one stitch will fix it. I did the same work for 2000 rupees which used to cost a lot more at your place. Your technician has no knowledge about cars at all and your workshop is not a workshop but a money machine."",False,Medium,Angry"
"8428.0,""I took a new car delivery on 15th June, from Changhan dealership, Bilal auto Akbar chonk, Lahore. Upon my departure from the dealership on my new Deepal S05 which had 8km electric range and 10km fuel range. As a result the car could not go into drive mode standing outside the dealership, i then had to call the dealership representative for support. He changed the car mode into emergency drive and asked me to drive to the nearest petrol pump and then the car would drive fine. Upon following his instructions i did as i was told. But then at the petrol pump after refueling the car, the car again failed to go into drive mode. After several failed attempts i again switched to emergency driving mode and started driving the car. Then after driving approximately for 2kms the car stopped at kalma chonk underpass. The car simply stopped responding. It wasn’t allowing to drive further on emergency mode and also was not supporting parking charging. I called the dealership several times, which gave me the lamest of excuses and it felt like i was talking to a kid with no technical knowledge what so ever and i had to stand there helpless on main road without a proper parking place for one hour fifteen minutes and watch as high speed cars cross me, praying that no one hit me from behind. This is all after the dealership delivered my car late from the scheduled delivery month even after receiving 100% full payment in advance."
"Moral of the story, the Company, Master motors must make sure that they are handing over their dealerships to professionals who has prior experience in running and maintaining car dealerships, and not to some random people who have deep pockets. Secondly they must monitor customer service at all levels and at least ensure that their electric cars have enough battery to so the customer can easily drive home."",False,Critical,Angry"
"9822.0,""Customer stated that the dealership initially called him and advised him to bring the vehicle. After inspecting the vehicle, the dealership temporarily filled the gas and returned the vehicle. However, the same issue reoccurred."
""
"The vehicle was inspected again, and the required part was ordered. The customer was informed that the part would arrive within 8–10 days. According to the customer, 15–20 days have now passed, but there has been no update from the dealership, and the dealership is not responding to his follow-ups."",False,Medium,Frustrated"
"2977.0,""As per customer his vehicle steering noise issue coming, already informed to dealership"",False,High,Frustrated"
"6572.0,PPM Vouchers pending,False,Low,Neutral"
"7952.0,MY DEEPAL S07 MOBILE APPLICATION WORKING NOT PROPERLY . I WANT THIS APP FOR OURSELF USAGE BECAUSE I PAID FIFTEEN MILLION .,False,Medium,Frustrated"
"3202.0,Water goes into back light while washing,False,Medium,Neutral"
"8469.0,Multimedia is not working properly,False,Medium,Neutral"
"901.0,Vehicle heat up issue (Vehicle offroad),True,Critical,Neutral"
"6315.0,""According to the customer, rainwater was leaking into his car. He went to the dealership and got the work done there. However, they damaged the dashboard and broke the locks of the windscreen washer. He was told that the part has been ordered and will be installed once it arrives."",False,Medium,Frustrated"
"8036.0,Mujahid sb from Meezan Bank Ltd asking for justification why invoices late submission.,False,Low,Frustrated"
"9656.0,""The customer's vehicle starts normally, but when a gear is engaged, the vehicle does not move forward. The vehicle is currently off-road and available at our dealership for inspection. We are diagnosing the issue and will share the findings as soon as possible."",True,Critical,Neutral"
"24.0,""The voice command issue in my car is still unresolved — it's been around 7–8 months now despite multiple visits. I understand the team has raised it with the China team, but unfortunately, there's been no progress so far."",False,Medium,Frustrated"
"3933.0,Propeller Shaft issue,False,High,Neutral"
"2526.0,Auto Emergency Braking function is also not working,False,High,Neutral"
"4679.0,FR WINDSHIELD GLASS ASSY required,False,Medium,Neutral"
"2059.0,Front doors Trouble,False,Medium,Neutral"
"8062.0,Vehicle Delay (Feb ),False,Low,Neutral"
"3034.0,Gear shifting issue,True,Critical,Neutral"
"4914.0,Engine mount issue,False,High,Neutral"
"1880.0,Engine check light issue,False,High,Neutral"
"1118.0,""As per customer his vehicle A/C drainage pipe is leakage, already inform to the dealership."",False,Medium,Neutral"
"8765.0,FR SUSPENSION STEERING ASSY ABNORMAL NOISE,False,High,Neutral"
"6556.0,AC IS NOT WORKING.,False,Medium,Neutral"
"4711.0,""Customer is having 3 vehicles, only received PPM for one vehicle remaining two are pending and vehicle is already done with 5000kms service."
"chassis for other two vehicles are NKMASE2E9S1001803, NKMASE2E9S1001970"",False,Low,Frustrated"
"8758.0,""Customer is raising a complaint regarding the “Delivery Before Eid” promotion. He booked the vehicle under this offer, but so far there has been no response from Head Office. The invoice has not been issued, and the salesperson has also not received any update."
"The customer is saying that only one week is left before Eid, and the registration process will also require additional time. Because of this delay and lack of information, the customer is becoming very upset and dissatisfied."",False,Medium,Frustrated"
"8524.0,""As per the customer, I had my car registered through the dealership and I made the full payment. However, I am not being given the smart card. When I go to the dealership, I am told to contact Mr. Afzal, but he is not giving me any proper response. As per the customer, Mr. Afzal is now saying that we have no solution and that you should handle it yourself and get a duplicate card made."",False,Medium,Frustrated"
"985.0,""As per customer his vehicle left side indicator bulb / connection issue, already inform to the Auto Islamabad dealership but customer not satisfied with service staffs and want to go other dealership in Islamabad."",False,Medium,Frustrated"
"5082.0,Vehicle not start,True,Critical,Neutral"
"6753.0,Part not rcvd Left side front door Left side rare door,False,Medium,Neutral"
"8839.0,Customer wants CPR,False,Low,Neutral"
"8162.0,""My vehicle was expected to be delivered in March, but with April now underway, there has been no communication so far. I would appreciate an update regarding the delivery timeline. Thank you."",False,Medium,Calm"
"3363.0,""As per customer his vehicle Jerking and Knocking issue found, already informed to dealership and spare part also replaced but still issue not resolved."",False,High,Frustrated"
"4234.0,""I am experiencing an issue when connecting my mobile device to the HMI via the Car Auto Global app, either wirelessly or with a wired connection. The connection keeps disconnecting every few minutes."",False,Medium,Neutral"
"4186.0,TCU Issue,False,High,Neutral"
"6179.0,When i start the vehicle noise is coming from my vehicle.,False,Medium,Neutral"
"7105.0,My Oshan X7 observed a missing problem while it run less than 5K in Aug 25. Rubber Joint of Throttle body is damaged. Changan Gujrat did not accept its warranty claim.,False,Medium,Frustrated"
"6320.0,I got some work done regarding garnish weatherstrip assembly. After completion I observed a scratch on interior side rear right side door. Now I want it to be replaced under warranty because it is technicians fault.,False,Medium,Frustrated"
"5312.0,""Hi,"
""
"Its been long awaiting for PPM Coupons from your side - Normally, at the time of receiving the vehicle delivery from Showroom these kind of promotion we received from dealerships but its been so many mis-commitments from dealership side for the coupons."
""
"its really a question on company service. Kindly provide the PPM as you people commited to us."",False,Low,Frustrated"
"8310.0,""Aslaamoalikum,"
""
"This is Mohsin (G.M. Faraz Sports) to writing an complain about the our Director Vehicle which was promised to deliver by April - 2026 but its 12 days more passed to not deliver the vehicle - Our directors are sitting business meeting and they will must guide other people your response of delivery to the customer and we are making the decision of legal notice too as its not appropriate to take money and keep quiet yourself."
""
"very nice way of your to deal a high profile of corporate customer"",False,Medium,Angry"
"1923.0,Redar Sensor required  as per customer i was paid 50% amount your dealer ship hand,False,Medium,Neutral"
"6391.0,""As per the customer, incorrect part timing was provided by Ms. Syeda Mehwish, and multiple timelines were given by Mr. Hamza. The vehicle was not delivered on time, and since 8th September 2025, the customer’s calls have not been answered."",False,Medium,Frustrated"
"5858.0,""Before embarking on a family trip, I visited Changan Multan Motors for periodic maintenance. I was informed that the vehicle was in good condition and suitable for the journey. However, during the trip, the vehicle unfortunately broke down near the Sial Rest Area. Following the incident, I visited Changan Auto Eagle, where the staff promptly assisted me, my request is please compensate me by Changan Multan Motors"",False,Critical,Frustrated"
"6394.0,(1) right front door( 2) right fender,False,Medium,Neutral"
"8954.0,""My touchscreen isn't working. I reported the issue with my touchscreen on December 25 and also visited the dealership on the same day. However, my complaint could not be addressed at that time due to the unavailability of the Warranty Team. Unfortunately, the issue remains unresolved to date."",False,Medium,Frustrated"
"5499.0,Abnormal play and noise in the steering gear assy and both stabilizer links ASSY,False,High,Neutral"
"7875.0,""Fuel tank, alloy rim,tire"",False,Medium,Neutral"
"6047.0,""As per customer,1. They did not even bother to put in the next service tag so I know when is the next service due."
"2. Did not gave invoice as it was late so I asked them to send me on WhatsApp which after my reminded they did but added a auto delete on WhatsApp so I missed to read the invoice."
"3. They completly ignored my messages of resending me the invoice"
"4. They took the car owners manual and lost it and not giving it back."
"5. They did not give me fuel injector cleaner bottle."
"6. They did not keep the empty oil bottle in the car as they might have not even changed the oil."
"7. I asked them to do car inspection and they did not even highlight anything on the car. The front left del was loose and they did not fix it."
"8. The only thing they said that was next service air filter will be changed."
"9. I told them I just purchased the car so please do proper inspection."
"10. I complained about low fuel milage but they did not solve it."",False,High,Angry"
"2690.0,""As per customer his vehicle Front left side seat noise issue, already visited at dealership for vehicle inspected."",False,Medium,Neutral"
"5703.0,""Steering rack noise on an un-paved road, due to pre-mature failure of steering rack"",False,High,Neutral"
"6013.0,""Accidental vehicle part received from dealership but not replaced  by dealership"
"front door"
"door lock"",True,Critical,Frustrated"
"1189.0,As per customer his vehicle used for commercial purpose but vehicle registration is still delay and dealership staff was not guided properly.,False,Medium,Frustrated"
"4175.0,Mount issue,False,Medium,Neutral"
"9504.0,""a checklight sign is appearing on meter, when I start the car it feels like the ights and meter turned off and then the car is on and whenever I switch the car on the trip is set to zero."",False,High,Frustrated"
"1196.0,""Deliver my booked vehicle on time otherwise, I will take strict action."",False,Medium,Angry"
"7286.0,""ISSUE COMING IN SUSPENSION, AND LEFT SIDE CABLE NOICE"",False,High,Neutral"
"7994.0,Delay delivery,False,Medium,Neutral"
"6427.0,""While driving on uneven road I heard the bad voice in front suspension, the vibration increased steering during driving."
"WHEN; During Drive"
"Where; Uneven Road"",False,High,Neutral"
"9513.0,""Customer reports a persistent bad smell inside the car. Despite 7–8 workshop visits and reporting the issue since 20,000 km, no effective resolution has been provided. The customer is dissatisfied with the warranty handling and believes his concerns have not been properly addressed."",False,Medium,Frustrated"
"9728.0,Delay delivery May,False,Medium,Neutral"
"8077.0,""Invoice status"
"as per pbo invoice is not generated but as per Chassis invoice wrongly  generated an another customer information"
"customer actual chassis NKMA2ASE5S1012711"",False,Medium,Frustrated"
"7359.0,""The vehicle has a front left sharp concern. During the visit for inspection, this issue was identified, but the issue was not resolved."",False,Medium,Neutral"
"2029.0,Engine  mount damage,False,High,Neutral"
"8686.0,""Auto CarPlay connects and disconnects repeatedly. Sometimes it connects normally, but after a few seconds/minutes it disconnects automatically"",False,Medium,Neutral"
"3527.0,headlight density is low,False,High,Neutral"
"4133.0,""The customer had the PBO registered under their father's name, but after being inactive in sales tax, they changed the PBO to their own name. The invoice is currently pending approval."",False,Low,Neutral"
"8423.0,""Customer complained that the vehicle experienced a starting issue and failed to switch properly to fuel mode, resulting in the vehicle shutting down."",False,Critical,Neutral"
"1739.0,Passenger seats heated not working,False,Low,Neutral"
"7114.0,engine noise,False,Medium,Neutral"
"7492.0,""The customer's vehicle part was replaced under insurance last month. Now, water is leaking from the roof area onto the dashboard in the customer's vehicle."",False,Medium,Neutral"
"5555.0,""While driving the vehicle, a noise comes from the steering side, which is very irritating."",False,High,Frustrated"
"4881.0,Vibrating sound from the dashboard whenever the car is idling and the RPM is between 2.3 to 2.7.,False,Medium,Neutral"
"61.0,Customer is Requesting for 2nd key,False,Low,Neutral"
"1154.0,Noise coming from front wheel,False,High,Neutral"
"7611.0,A/c is not working,False,Medium,Neutral"
"9279.0,VEHICLE INVOICE DELAY,False,Low,Neutral"
"6309.0,""I FEEL IN OUR VEHICLE (OSHAN X7)ABNORML NOISE IN GEAR  SO I VISIT THE DEALERSHIP . DEALERSHIP TECHNICAL TEAM DIAGNOSE THE VEHICLE AND FOUND ABNORMAL SOUND IN GEAR . TECHNICAL TEAM DISCUSS THE CASE OUR FILED ENGINEER . THE FIELD ENGINEER SAID THAT THE CLUTCH WILL BE CHANGED . BUT THE OEM SAID THAT THE FIELD ENGINEER WILL CHECK IT HIMSELF . NOW AFTER TWENTY DAYS , THE FIELD ENGINEER DIAGNOSED THE VEHICLE AND FOUND THE ISSUE OF DCT MIXING .NOW THE CUSTOMER CAME OUT OF THE WORKSHOP VERY ANGRY AND SAID THAT TWENTY DAYS AGO WHY DIDNT YOU SAY THAT THERE IS A DCT MIXING ISSUE ? NOW AFTER TWENTY DAYS YOU ARE SAYING THAT . ANOTHER CUSTOMER SAID THAT IF THE DCT ISSUE HAD BEEN RAISED DURING THE FIRST VISIT, IT WOULD PROBABLY HAVE BEEN RESOLVED WITHIN THOSE 20 DAYS"",False,High,Angry"
"7271.0,""Alsvin has no pick in hilly area. I visited I9 dealer twice, but they cleaned sensors and did not work. Now they are denying to improve the pick. I cannot even go to murree with new."",False,High,Frustrated"
"4610.0,""TPMS issue in the vehicle since day one, when I received it from Multan Motors."",False,High,Frustrated"
"4646.0,Wiring issue in vehicle,False,Medium,Neutral"
"217.0,""Transmission is jerking from the day 1 & car stops while driving, even though sensor was changed 2 days ago, still facing same issue."",False,Critical,Frustrated"
"1110.0,Abnormal noise from the z-link due to excessive play,False,High,Neutral"
"6234.0,""There is an issue with my vehicle (Oshan X7) — the headlight beam is too low."
"Since I frequently travel on highways, I kindly request you to resolve this issue as soon as possible."",False,High,Calm"
"6436.0,""AS PER CUSTOMER HE SAID MY CAR IS PERFORMED 98000KM BY GENUINE SHOCKS GOT OUT OF ORDER AFTER JUST 15000KM, PLEASE REPLACE THE FAULTY PART. CUSTOMER SAID I ALREADY PAID THE BILL OF RS 102860/- FOR THE SAME PART"",False,High,Frustrated"
"6515.0,""When my vehicle over the speed braker and come a irrating noise. There is abnormal noise on the front side of my vehicle. Which is very annoying. My car is overhaul maintained by changan, kindly resolved my issue as soon as posibile."",False,High,Frustrated"
"8453.0,""THERMOSTAT ASSY"
"THERMOSTAT ASSY F202"
"BASF GLYSANTAN G30 PREMIX Qty 10"",False,High,Neutral"
"9298.0,""The customer has already visited our workshop three times regarding the wheel alignment issue. Despite repeated inspections and alignment attempts, the issue has still not been resolved. The customer has also paid for the alignment service, therefore the matter requires urgent attention and proper resolution to avoid further dissatisfaction."",False,High,Frustrated"
"6975.0,REAR LEFT SIDE DOOR REGULATOR MOTOR IS NOT WORKING PROPERLY,False,Medium,Neutral"
"4187.0,Service is too low. I really disappointed to see this delay of my Vehicle Part. Please arrange my part immediately. I faced many issues due to this big delay.,False,Medium,Frustrated"
"9584.0,The vehicle is experiencing an issue with the A/C pressure switch.,False,Medium,Neutral"
"8756.0,""There was a small dent on my vehicle, i sent my vehicle repair at changan stallion. dent was repaired after 4 days with perthitic situation even bolt left loos"",False,Medium,Frustrated"
"5662.0,During the drive in bumpy road front suspension create a abnormal noise.,False,High,Neutral"
"6986.0,Abnormal noise coming from engine side,True,Critical,Neutral"
"9237.0,customer is waiting for his invoice,False,Low,Neutral"
"7019.0,Waiting for parts that were ordered against PO# 292 regarding my insurance case.,False,Medium,Frustrated"
"6916.0,Zlink joint part required,False,Medium,Neutral"
"6280.0,the customer came to the  dealership and stated that he noticed the left-side mirror camera of his vehicle was not working,False,Low,Neutral"
"5429.0,""Smoke is coming from the engine, and the oil level is decreasing."",True,Critical,Neutral"
"9765.0,""As per the customer, he has already visited the dealership and the issue was resolved temporarily; however, it has reoccurred"",False,Medium,Frustrated"
"7999.0,abnormal noise is coming from rear suspension,False,High,Neutral"
"8421.0,""Insurance part Fander bamper ,head light (both )"
"required"",False,Medium,Neutral"
"1273.0,""On May 31, I visited the dealership for service. The waiting area's environment was very bad. There was no AC available, and no fan ,there environment was not good ."",False,Low,Frustrated"
"9787.0,""Mr. Noman Ikram stating that while the oil and oil filter were changed, the tuning was skipped. Additionally, the customer did not sign the invoice; it was signed by the service staff ."",False,Medium,Frustrated"
"4032.0,""wheel alignment issue"
"On February 6, 2024, the customer visited City Sales, but unfortunately, the service team's inexperienced staff failed to properly inspect the vehicle and resolve the complaint. This matter was escalated to GM Ali Jawad, who apologized to the customer."",False,High,Frustrated"
"9832.0,""The service is extremely poor. I am not satisfied with this dealership. Even a simple task takes around three hours to be completed. The waiting time is unacceptable, and the overall service experience has been very disappointing. I expect faster service and better customer handling in the future."",False,Low,Frustrated"
"9389.0,""I am informed that the delivery of my vehicle is expected in the tentative month; however, due to Eid holidays and troller issues, the delivery is delayed. I request you to kindly expedite the process, deliver the vehicle as soon as possible, and share an updated delivery timeline."",False,Medium,Frustrated"
"1235.0,Steering noise issues (DQR#113),True,Critical,Neutral"
"870.0,As per customer his vehicle Steering noise issue / already informed to the dealership and waiting for Steering spare parts.,False,High,Frustrated"
"9050.0,Trunk led,False,Low,Neutral"
"8637.0,""Their case was rejected. However, after being informed, the customer is requesting that his issue kindly be resolved, as he is currently facing financial difficulties."",False,Low,Frustrated"
"1065.0,""As per customer his vehicle Engine Mount issue found, still parts not deliver at dealership and claim also approved."",False,High,Frustrated"
"2430.0,""The clock of HMI and Speedometer automatically adjusts to China's timezone, showing 3 hours ahead of Pakistan's time."",False,Low,Neutral"
"3993.0,As per customer he sent vehicle at dealership for services but reveived vehicle back with dent,False,High,Frustrated"
"2396.0,As per customer Radiator issue found in his vehicle,False,High,Neutral"
"8504.0,""Customer has raised a complaint regarding the vehicle delivery condition. As per the customer, the vehicle was scheduled to be delivered on 15 June; however, at the time of delivery, paint-related issues were observed, including spots, scratches on the trunk , and black marks on the door."
""
"Customer visited the Gujrat dealership and discussed the matter with Mr. Mohsin, who informed him that the vehicle would not be handed over in this condition. The customer also mentioned that vehicle visibility and payment-related matters were not clear at that time."
""
"Customer was informed that a new vehicle would be provided; however, he has not received any further update regarding the replacement vehicle. Customer has also requested that if the issue cannot be resolved, his payment should be refunded."
""
"Customer has discussed the matter with Mr. Kashif and Mr. Mohsin and is seeking an urgent resolution regarding the vehicle replacement or refund request."",False,High,Frustrated"
"7558.0,Gear shifting issue (REPEAT FAILURE ),False,High,Neutral"
"3423.0,Multimedia system not working,False,Low,Neutral"
"7914.0,""This is to inform you that a customer has reported an issue of rodent (rat) movement inside the vehicle. The customer has noticed signs indicating that a rat enters the vehicle interior, which is causing serious concern regarding wiring safety and overall vehicle condition."",False,High,Frustrated"
"5849.0,Back Seat Tear clip Damaged,False,Low,Neutral"
"8532.0,""According to the customer, I experienced a rust issue in 2024, and the dealership resolved it with a touch-up. However, the issue has occurred again. Kindly have it checked."",False,Medium,Frustrated"
"7212.0,""The customer is very dissatisfied with the dealership’s service and the unprofessional attitude shown during the service."
"Service Manager Wahab’s behavior is very annoying."",False,Low,Angry"
"6445.0,Jerking issue,False,High,Neutral"
"1512.0,Engine oil mixed with coolant,True,Critical,Neutral"
"8578.0,""THE GARNISH CONTINUES TO RETAIN DUST AND WATER MARKS APPEARS MUDDY EVEN AFTER APPLYING ALL STANDARD FINISHING POLISHES. FURTHERMORE, THE CHANGAN-RECOMMENDED CAR CARE KIT WAS ALSO PURCHASED AND USED; HOWEVER, DESPITE THIS, THE GARNISH STILL LOOKS MESSY AND DOES NOT ACHIEVE A CLEAN OR SATISFACTORY FINISH."",False,Low,Frustrated"
"3641.0,engine mounting case was filed but DQIR is not generated yet by dealership,False,High,Frustrated"
"8256.0,The customer has recently purchased a used vehicle from Ocean Le Changan. The passenger-side seat heating and cooling system is currently not functioning.,False,Low,Neutral"
"310.0,""Customer already complaint to dealership regarding DRL lights fog issue, but dealership arranged only 1 light and customer needs both lights."",False,Low,Frustrated"
"4156.0,""As we have already said, we need the vehicle before 20 February, but now the production plan has been changed and shifted to 25 February, which is not acceptable."",False,Medium,Frustrated"
"2232.0,There is rust present on the front side of the vehicle and on the surface underneath the body.,False,Medium,Neutral"
"8946.0,""The customer says that he was going for an important task when suddenly a burst noise came from the rear right side. Upon checking, the car’s tire was found to be damaged."",False,Critical,Frustrated"
"7534.0,""BUMPER PAINT DEFECTS, THE BUMPER PAINT DOESN'T MATCH THE BODY COLOR."",False,Low,Neutral"
"4411.0,""ENGINE NOISE ISSUE BUT CASE WAS REJECTED DUE TO LACK OF MAINTAINACE HISTORY AND  NON GENUINE OIL FILTER IS USED, BUT ACCORDING TO CUSTOMER HIS JOB IS SITUATED IN A REMOTE AREA AND HE WAS UNABLE TO ENTERTAIN THE SERVICES PROPERLY, SO HE IS STAYING HERE IN ISLAMABAD FOR JUST THE ENGINE ISSUE TO BE RESOLVED."",True,Critical,Frustrated"
"7566.0,""There is a noise coming from the back door, the engine oil is continuously decreasing, and when the door lock is engaged, the horn keeps beeping repeatedly. Additionally, the vehicle is experiencing a generator-related issue"",False,High,Neutral"
"9330.0,""I am notifying you all to save the CCTV footage of today dated Thursday 14-May-2026 at Workshop of Changan Karachi Motors between the time 1:00 PM till 2:30 PM, because your Workshop will try to delete it. They won't give me the services upto the mark."
"They opened the oil bottle seal without showing it to me."",False,High,Neutral"
"8285.0,customer is hyper as issue coming in battery . vehicle is in workshop,False,High,Frustrated"
"3467.0,DCTF mixed with coolant,False,Critical,Neutral"
"8465.0,The customer came to the dealership and said that he noticed an abnormal vibration in the vehicle.,False,Medium,Neutral"
"6541.0,TCU Issue,True,Critical,Neutral"
"1876.0,same issue again repeat The customer has visited the dealership multiple times. They have driven the car 800 km but the issue remains the same Engine Coolant leakage,True,Critical,Frustrated"
"6589.0,""Unhappy with the service location, saying it didn't meet their expectations when I visited.Fine, maybe the power was out and you couldn't wash the car. But couldn't you have at least given it a quick wipe-down? When I got there, it was still dirty, just as it was before.I'm still unsure if they actually changed the Engine oil. With other brands like Toyota, they usually return the empty bottle or leftover oil as proof. Don't I deserve the same transparency?"",False,Medium,Frustrated"
"8434.0,""The tire rotation that was committed was not carried out. Additionally, the top wash was not done, and I was not provided with any update regarding the oil change. Despite having a prior appointment, I still had to wait at the dealership, which was quite inconvenient."",False,Medium,Frustrated"
"3581.0,Transmission shift difficult for inclined position,False,High,Neutral"
"3673.0,""My vehicle has been at Changan Yazdani Automobiles since 02-Dec-2024. I was facing issues with the car overheating and frequently losing coolant. Distressed by this problem, I visited the dealership, and they assured me that they would submit my report to the company. The report has been submitted to OEM, but it has now been over a month, and I have yet to receive my car back. I am extremely frustrated, as it has been a month, and my car is still not repaired. I have contacted the dealership mul"",True,Critical,Frustrated"
"1764.0,noise of different side of vehicle,True,Critical,Neutral"
"4915.0,""Engine check light issue"
""
"After fuel refill, vehicle starts knocking and doesn't start normally. It took 3 to 5 long self and continuous press of acceleration pedal to start engine."",False,Critical,Frustrated"
"7916.0,STEARING NOISE,False,High,Neutral"
"176.0,""Asking about vehicle delivery status, Dec"
"Actual Customer Number  0515564761"",False,Medium,Neutral"
"9846.0,""I am highly disappointed by the complete lack of guidance from your dealerships. I visited multiple times for inspections, but no one ever informed me about the gear oil change schedule. Now, I am suddenly told it was due at 60,000 km or 3 years. Why do your teams fail to guide customers properly during routine checkups?"",False,Medium,Frustrated"
"7100.0,Excess Amount Refund,False,Low,Neutral"
"4343.0,Booking Cancellation,False,Low,Neutral"
"4793.0,waiting for part (cooling coil),False,Medium,Frustrated"
"4951.0,""rusting on side door, an on the top. customer wants a full inspection from under the body as this is manufacturing fault and should not be occurring."",False,Medium,Frustrated"
"8017.0,Delay delivery,False,Medium,Neutral"
"8063.0,The customer came to the dealership and said that he noticed an abnormal vibration in the vehicle.,False,Medium,Neutral"
"7497.0,Generator is not working properly. Please solve my Issue ASAP,False,High,Frustrated"
"405.0,""Gear oil and coolant mix, car is at dealership from 01-03-24"",True,Critical,Frustrated"
"204.0,oil mixed with coolant (customer wants alternative vehicle),True,Critical,Frustrated"
"222.0,Customer contact to Jehlum Motors regarding some spare parts of Karvaan Plus but service staff not give proper information for parts.,False,Low,Frustrated"
"4598.0,""when i shift the vehicle into D mode, the vehicle jerks violently and now the engine makes abnormal sound."",False,Critical,Frustrated"
"2217.0,Ac is not working (VOR) from 23JULY,True,Critical,Frustrated"
"7756.0,""The customer stated that his vehicle warranty expired only one week ago, and the headlight issue occurred immediately thereafter. As a goodwill gesture, the customer has requested to be entertained under goodwill consideration.He Reported that both DRLs (Daytime Running Lights) are affected by internal water particle ingress."
"Requesting approval for goodwill support against DQIR #DQIR/1021/002240/2025."",False,Medium,Calm"
"1352.0,""As per customer his vehicle generator issue found, already informed to the dealership."",False,High,Neutral"
"6725.0,""As per the customer, your engineer updated the car's software without my permission. Why was it updated without consent? Action should be taken against them."",False,Medium,Angry"
"8005.0,I was having an issue with gear shifting but the issues was resolved during service and other maintenance were completed but my concern is that senior technician didn't Checked my vehicle and his my request for exhaust cleaning was denied,False,Medium,Frustrated"
"8050.0,Transmission Shifting issue,True,Critical,Neutral"
"6451.0,""I AM OSHAN USER AND ALSO COROLLA CROSS USER IN OUR FAMILY WE HAVE TWO OSHAN AND 5 COROLLA CROSS BUT ONLY MY OSHAN STEERING GEAR IS FAULTY AND CANNOT BE ENTERTAIN UNDER WARRANTY AS WARRANTY PERIOD IS OVER AS IT IS A KNOWN FAULT PLEASE REPLACE THE STEERING BOX  AND Z LINKS UNDER WARRANTY"
"I WILL PROMOTE OSHAN X7 TO MY FRIENDS AND FAMILY"",False,High,Calm"
"1885.0,Gear Shifting Noise,True,Critical,Neutral"
"6636.0,ENGINE AUTOMATICALLY STOP,False,Critical,Neutral"
"510.0,CLUTCH CABLE REQUIRED(VEHICLE OFFROAD),True,Critical,Neutral"
"9678.0,customer is hyper as his invoice is delay from past month,False,Low,Angry"
"1759.0,AC IS NOT WORKING,False,Medium,Neutral"
"140.0,Black spots on vehicle body,False,Low,Neutral"
"5972.0,""All back seats have dirty hand marks on sides , even it's delivery via above outlet . I am not happy with this kind of services for the delivery of new car."",False,Low,Frustrated"
"7612.0,HEAT CORE ASSY B511,False,Medium,Neutral"
"5797.0,""AOA,"
""
"I Made the booking at your authorized dealership with the commitment of early delivery of Oshan x7 comfort white colour as i needs to travel abroad in this month. First they told me they will let me know the delivery once the production plan receive from company after the half of month passed they shared with me - now from 2 days if i am asking the date of delivery they are blind to tell me. every time with new excuse?"
""
"its really not acceptable now - i am exporter and what the good thing i share if people of surrounding ask me?"",False,Medium,Frustrated"
"1043.0,Foundation noise issue,True,Critical,Neutral"
"9553.0,WINDOW ISSUE,False,Medium,Neutral"
"5999.0,""The windscreen for my vehicle has been delayed. Due to this, my vehicle is currently off  road and I am facing serious inconvenience as I need to travel out of Quetta urgently."",False,Critical,Frustrated"
"6758.0,While driving my car heat up gauge was seen going up. then car stoped on the side and shut it off.  I restarted the car after ten minutes the car was normal.  But heat-up guage again going up after 10 minutes driving. I am very worried about this issue.,False,Critical,Frustrated"
"7531.0,""Customer Concern: The customer stated that he was given an appointment for Saturday, 29 November 2025 at 2:00 PM for service and an oil change. However, upon arrival, he was informed that oil is not available, therefore the oil change cannot be performed. Only the remaining service can be provided."",False,Medium,Frustrated"
"668.0,""Ac issue, Average issue, Missing issue"",False,Medium,Neutral"
"3519.0,jerking issue still persist after getting service in the month of April 2024,False,High,Frustrated"
"5378.0,Headlight density is very low,False,High,Neutral"
"9704.0,""Customer has stated that the tire issue has occurred at very low mileage and is not satisfied with the situation. The customer has further mentioned that if the issue is not resolved satisfactorily, he may proceed with legal action."",False,High,Angry"
"6184.0,Provide the headlining under warranty but not entertain him past four weeks,False,Medium,Frustrated"
"7819.0,Black roof lining for roof rails is not  attached to roof properly.,False,Low,Neutral"
"4810.0,CUSTOMER SAYS FIRST THERE WAS NO LOGO (1.2 MPFI) ON KAARVAN VEHICLE SO I PURCHASED KAARVAN WITHOUT LOGO  (1.2 MPFI)  NOW KARVAN LOGO (1.2 MPFI)  NOT AVAILABLE IN LOCAL MARKET AND NOT AVAILABLE IN DEALERSHIP STOCK AND NOT AVAILABLE IN HEAD OFFICE STOCK OR MCML STOCK,False,Low,Frustrated"
"5585.0,""The invoice letter shared with the customer shows the date as 22-Aug-2022, but the invoice date in the system is 2-Mar-2022. The dealership is not entertaining the issue. Please get this corrected."",False,Low,Frustrated"
"8379.0,""vehicle's battery was damaged while in the possession of the transporter, and the vehicle is currently still with the transporter. As per Arsalan, the vehicle is expected to arrive at the dealership today, after which an inspection will be carried out to assess any additional damages"",False,Medium,Neutral"
"7097.0,Excess amount Refund,False,Low,Neutral"
"7970.0,ENGINE OIL,False,Medium,Neutral"
"8365.0,ENGINE CHECK LIGHT ON,False,High,Neutral"
"7887.0,The customer came to the dealership and reported noticing an abnormal noise coming from the front side of the vehicle.,False,Medium,Neutral"
"9483.0,""Customer has raised concerns regarding the vehicle delivery experience at the dealership, including delivery with insufficient fuel, non-provision of the USB at the time of delivery, inadequate vehicle and maintenance briefing, and delayed handover of the sale certificate and invoice."",False,Medium,Frustrated"
"8206.0,Delay delivery March,False,Medium,Frustrated"
"5552.0,""The vehicle feels unstable on the road, even though the wheels are properly balanced and aligned. (Control Arm Issue)"",False,Critical,Neutral"
"8160.0,""My vehicle delivery was due in March, but I have not received any update even after the start of April. Kindly inform me about the current status."",False,Medium,Frustrated"
"4781.0,""Previously he had filed a complaint of his vehicle bonnet paint that was not resolved at that time. Now, he wants to get replacement of his vehicle bonnet."",False,Medium,Frustrated"
"7974.0,""According to the customer, Mr. Shayan’s behaviour at the dealership is very poor. He does not have correct information, and his way of dealing with customers is inappropriate. Seeing his behaviour, two of my friends, who had come to book an SO5, left without proceeding."",False,Low,Angry"
"7342.0,Radar wiring not available at dealership,True,Critical,Neutral"
"4872.0,A/C COOLING IS NOT WORKING. ALREADY INFORMED TO DEALERSHIP AND WAITING FOR THE SPARE PART. (HOSE CONDENSER),False,Medium,Frustrated"
"3054.0,Radiator leakage issue,False,High,Neutral"
"2307.0,Generator issue (Vehicle is at dealership),True,Critical,Neutral"
"8387.0,""The customer stated that a new bumper was installed; however, the paint finish was not done properly and did not meet his expectations. The customer has raised a concern regarding the paint quality."",False,Low,Frustrated"
"7121.0,I visited dealership and they told me that the rear chamber Bolt has worsen to which i replied this shouldnt have happened and they told me it will be replaced but they dont have it at the moment,False,Medium,Frustrated"
"8922.0,customer is saying he very upset as having issue in car . car is not starting,False,Critical,Frustrated"
"4550.0,""GEAR IS NOT WORKING AND VEHICEL IS OUT OF WARRANTY, CUSTOMER WANTS TO BE ENTERTAINED IN GOODWILL."",True,Critical,Frustrated"
"9310.0,Customer is facing a back door lock issue.,False,Medium,Neutral"
"6763.0,VEHICLE HEAT UP ISSUE,True,Critical,Neutral"
"6884.0,""According to the customer, Sindh Motors is still operating under the Changan name. I am facing an issue with the DRL, and for the past 8 months, I have been told that the part will arrive they kept misleading me. Now I have found out that Sindh Motors has shut down, and my warranty has expired."",False,High,Angry"
"847.0,As per customer his vehicle Headlamp density very low.,False,High,Neutral"
"6031.0,Transmission light issue,False,High,Neutral"
"1513.0,Engine oil consumptions and heat up issue repeat failure,False,Critical,Neutral"
"7793.0,rear suspension noise over bumps,False,Medium,Neutral"
"9780.0,BRAKE NOT WORKING PROPERLY.,True,Critical,Neutral"
"2840.0,2nd and 4th gear issue,False,High,Neutral"
"7605.0,The heater air turns on automatically. There is also a problem when I press the brake. The AC grill spring is faulty. The vehicle is having bubbling issues and the wheel balancing is also problematic.,False,High,Neutral"
"8265.0,The customer waiting for his vehicle. Delay Delivery April 2026,False,Medium,Frustrated"
"9305.0,Vechile delay,False,Medium,Neutral"
"6372.0,""The customer is extremely upset. A faulty meter was received at the dealership, which was returned, but the correct meter has still not been received. The customer is repeatedly following up."",False,High,Angry"
"5438.0,""Back bumper"
"Back tail light"
"boot wall"",False,Low,Neutral"
"1674.0,Gear shifting issue VOR,True,Critical,Neutral"
"5001.0,Ac is not working,False,Medium,Neutral"
"7743.0,Internaly scratches are visible on the front windscreen when light or sunlight reflects on it. It is a safety concern. Warranty rejected,False,High,Frustrated"
"2313.0,Headlight Density Low,False,High,Neutral"
"904.0,Delay Delivery,False,Medium,Neutral"
"2265.0,Delayed Delivery,False,Medium,Neutral"
"470.0,""As per customer his vehicle headlights issue, some time lights automatically off and direction change / informed to the dealership but electrician said he will charged 3000 rs only for checking"",False,High,Frustrated"
"9233.0,""The customer has reported that their vehicle has arrived, but they have not received the invoice yet. Due to this, they are unable to arrange insurance and are not proceeding with vehicle delivery."
""
"Kindly expedite the invoice generation at the earliest so the customer can complete the insurance and take delivery of the vehicle."",False,Medium,Frustrated"
"8358.0,Noise comes from right side when open the mirror noise comes and when mirror closed noise is disappear.,False,Low,Neutral"
"8424.0,""Dear Team CRM,"
""
"I haven't received my 7KWH Charger from your dealership till date. Even my relatives who booked the vehicles they got it very next day."
""
"Your urgent compliance required in that"
""
"Thanks & Regards"
"Bushra"",False,Low,Frustrated"
"8327.0,""Customer came to receive the new vehicle, but there are paint marks on the bonnet and fender."",False,Low,Frustrated"
"6821.0,While driving my car heat up gauge was seen going up. then car stoped on the side and shut it off.  I restarted the car after ten minutes the car was normal.  But heat-up guage again going up after 10 minutes driving. I am very worried about this issue,False,Critical,Frustrated"
"9206.0,""The customer’s vehicle has not even completed 500 km yet, but the  ECO Idle feature is not functioning properly"",False,Medium,Neutral"
"6271.0,""I recently purchased a 1.2 variant of your vehicle, but unfortunately, I am very disappointed with its performance. The car feels underpowered and does not meet my expectations at all. I even visited your dealership to explore options for an exchange under the Fresh From Stock (FFS) program and also checked other new cars available there. However, I noticed that all the vehicles have the same issue with low pick-up and power. The dealership staff is treating this as normal, but I request the Head Office to look into this matter seriously. I believe this is a genuine performance issue that needs to be addressed."",False,High,Frustrated"
"8494.0,Engine Heatup,False,Critical,Neutral"
"6689.0,dealership is not entertaining the case under warranty (The vehicle battery loses charge due to insufficient current supply from the Generator.),False,High,Frustrated"
"8461.0,""Customer Misbehaved  with Dealership Staff Specially Female Staff. He was asking for a warranty survice  without any warranty case, he wanted those services as general service for free, and  eventhough dealership explained every little thing to  him he was very hyper and uncoorperative, he shouted and accused the staff  of being illiterate and challelnged their credability by saying have you ever changed filters by your hand."",False,Low,Angry"
"6115.0,""According to the customer, his vehicle is vibrating while driving."",False,High,Neutral"
"1882.0,As per customer his vehicle rust issue found on surrounding of Fuel tank Cap.,False,High,Frustrated"
"3937.0,Vibration problem while driving,False,High,Neutral"
"88.0,After brake service from dealership am facing wheel bearing noise issue . customer is too hyper. we educated customer that wheel bearing is not connected with brake service. but he is connecting it now  with quality of product. DQIR 1126 forwarded but no response from MCML.,False,High,Angry"
"9792.0,customer claim that issue coming in driver side  AC,False,Medium,Neutral"
"8478.0,The brake switch is currently not available at the dealership.,False,High,Neutral"
"5621.0,""The vehicle has been tagged, but it has not been sent for transportation. The customer is very annoyed."",False,Medium,Frustrated"
"1823.0,""Fuel average issue, customer will visit tomorrow (25 July'24)  for field inspection."",False,Medium,Neutral"
"3811.0,Engine oil mixed with coolant,True,Critical,Neutral"
"9723.0,""Front left side tire is inflated, Please solve my issue ASAP"",False,High,Frustrated"
"6443.0,Sales team give me top cover complimentary at the time of delivery which quality was so bad so its blue color loses and it spoil my white paint.,False,Medium,Frustrated"
"5539.0,The AC of my car is not working and DQIR (DQIR/1013/000223/2025) has been approved by mcml but the part has not come from mcml so i am facing heat in my car please arrange a part (ac pressure switch) for me in anyway,False,Medium,Frustrated"
"6337.0,""It's gear shift has gone wonky. When I want to park , on the screen it shows Reverse mode and when I want to bring on Drive mode the shift does not move. I can't lock the car since it is not P. I can't take the car anywhere since can't lock."",False,Critical,Frustrated"
"9454.0,STEERING Issue,False,High,Neutral"
"7451.0,RADIATOR ASSY B511(L3/L4/L5),True,Critical,Neutral"
"6775.0,Steering leather issue,False,Low,Neutral"
"7122.0,AC found not cooling due to leakage from condenser outlet hose pipe.,False,Medium,Neutral"
"9006.0,Parts required,False,Low,Neutral"
"8895.0,2 tires clifton,False,Low,Neutral"
"4346.0,""According to the client she has been facing an issue of her vehicle generator for for last 1.5 year for that she has been already visited for 3 times at different dealerships including CCS, CAAM ANd lastly at Auto lahore. but everyone misguided her for battery replacement instead of generator replacement. In the end, her vehicle comes to end of its warranty tenure due to which she was asking for cash replacement.However, the client wants to get her vehicle generator replacement under warranty."",False,High,Frustrated"
"9302.0,stepper motor issue,False,Medium,Neutral"
"9088.0,Noise coming from the front suspension.,False,Medium,Neutral"
"9588.0,""As per the customer, the booking was cancelled due to the dealership's failure to deliver the vehicle within the committed timeline. The customer stated that the vehicle had already arrived at the dealership, and at the time of cancellation, the dealership assured him that the refund amount would be returned once the vehicle was sold to another customer. However, the refund is still pending, and the customer is continuously following up on the matter."",False,High,Frustrated"
"334.0,Engine noise issue,False,High,Neutral"
"2415.0,Engine check light shown and temperature was not showing in meter due to temperature sensor faulty,False,High,Neutral"
"8128.0,VEHICLE INVOICE DELAY,False,Medium,Neutral"
"8136.0,""My vehicle is a Changan Oshan, and the driver seat heat and cooling functions were not working. I submitted a warranty claim at Changan Auto Rahim Yar Khan on 30/12/2025. A few days later, when I followed up with the dealership regarding the status of my claim, I was informed that the driver seat had already been ordered."
""
"However, despite repeated follow-ups, the seat has still not been delivered, and a considerable amount of time has passed. This delay is causing me significant inconvenience and discomfort while using my vehicle."",False,Medium,Frustrated"
"553.0,Invoice related,False,Low,Neutral"
"4190.0,""When the vehicle's AC is turned on, the vehicle stops working"",False,Critical,Neutral"
"6873.0,""There is a fuel pump issue — the customer mentioned that the fuel is not reaching properly, and even though they are trying to self-start the vehicle, it is not starting."",True,Critical,Frustrated"
"2517.0,The vehicle suddenly stops while in driving and cannot be started again,False,Critical,Neutral"
"8004.0,""Mileage from my car is between 5–7, whereas it should be around 9 as per specifications. I shared this concern with the dealership, and they informed me that the mileage would improve after some time. However, the car has now been driven approximately 6,000 km, and the mileage is still the same."",False,Medium,Frustrated"
"4859.0,Vehicle Heat-up issue,True,Critical,Neutral"
"3630.0,Headlight density low,False,High,Neutral"
"7794.0,Gear shifting issue,True,Critical,Neutral"
"8309.0,After the gear Oil Change from your dealership dated 2nd jan 2026. my car engine is having some annoying noise from engine.,False,High,Frustrated"
"1825.0,info taintment  issue,False,Low,Neutral"
"256.0,Shaft issue,False,High,Neutral"
"8887.0,""The vehicle is experiencing a transmission light. The dealership has replaced most of the related parts; however, the issue has not been resolved yet."",False,High,Frustrated"
"9818.0,DURING EXTENDED DRIVING OF APPROXIMATELY 30 -50 THE VEHICLE BEGINS TO EXHIBT OVERHEATING SYMPTOMS,True,Critical,Neutral"
"9549.0,HEAD LIGHTS FLIKKER AUTOMATICALLY DURING DRIVING OVER THE BUMPY ROAD,False,High,Neutral"
"44.0,he vehicle is experiencing braking and skidding issues,True,Critical,Neutral"
"5089.0,CUSTOMER NOTICED THAT ABNORMAL NOISE COMING FROM GEAR SIDE WHEN HE CHANG THE GEAR,False,High,Neutral"
"6073.0,Radiator Leakage,True,Critical,Neutral"
"5569.0,gas kit issue,True,Critical,Neutral"
"1499.0,Headlight density is low,False,High,Neutral"
"6191.0,""My vehicle's AC not working upon checking found leakage in evaporator . Dealership launch my complain which was rejected by head office. My vehicle is fully maintained by dealership, have all invoices . I saw on social media about this known fault of evaporator , so company should oblidge me in this because everyone knows its a known fault"",False,Medium,Frustrated"
"2380.0,""According to the customer, when I connect to WiFi, the auto region changes, and the time increases by 3 hours"",False,Low,Neutral"
"6699.0,""ring set"
"Piston"
"Head gas kit"
"valve seal"",True,Critical,Neutral"
